Method,Planner,Motion Profile,Map ID,Number of agents,Number of pillars,Agent speed,Drone speed,Depth variance,Flight time,Grid discovered,Agent tracked,Agent tracked time,Success,Static Collision,Dynamic Collision,Freezing,Dead Lock,state machine
LookAhead,Primitive,CVM,0,10,0,20,20,0,37.4,734,4,8.75,1,0,0,0,0,1
LookAhead,Primitive,CVM,1,10,0,20,20,0,11.3,252,2,6.700000000000001,0,0,1,0,0,3
LookAhead,Primitive,CVM,2,10,0,20,20,0,39.0,740,4,11.575,1,0,0,0,0,1
LookAhead,Primitive,CVM,3,10,0,20,20,0,39.2,757,5,14.34,1,0,0,0,0,1
LookAhead,Primitive,CVM,4,10,0,20,20,0,36.4,725,3,18.46666666666667,1,0,0,0,0,1
LookAhead,Primitive,CVM,0,10,0,20,40,0,22.8,779,2,12.2,1,0,0,0,0,1
LookAhead,Primitive,CVM,1,10,0,20,40,0,21.5,716,3,9.6,1,0,0,0,0,1
LookAhead,Primitive,CVM,2,10,0,20,40,0,21.5,719,3,8.366666666666667,1,0,0,0,0,1
LookAhead,Primitive,CVM,3,10,0,20,40,0,23.6,736,3,11.333333333333334,1,0,0,0,0,1
LookAhead,Primitive,CVM,4,10,0,20,40,0,22.4,724,3,12.133333333333336,1,0,0,0,0,1
LookAhead,Primitive,CVM,0,10,0,20,60,0,11.5,689,6,5.083333333333334,1,0,0,0,0,1
LookAhead,Primitive,CVM,1,10,0,20,60,0,11.7,715,2,5.2,1,0,0,0,0,1
LookAhead,Primitive,CVM,2,10,0,20,60,0,13.7,740,3,7.266666666666667,1,0,0,0,0,1
LookAhead,Primitive,CVM,3,10,0,20,60,0,11.7,717,1,1.9,1,0,0,0,0,1
LookAhead,Primitive,CVM,4,10,0,20,60,0,11.7,718,1,8.9,1,0,0,0,0,1
LookAhead,Primitive,CVM,0,10,0,40,20,0,40.2,780,9,6.911111111111111,1,0,0,0,0,1
LookAhead,Primitive,CVM,1,10,0,40,20,0,16.6,348,4,6.9,0,0,1,0,0,3
LookAhead,Primitive,CVM,2,10,0,40,20,0,15.9,321,3,4.966666666666666,0,0,0,0,1,2
LookAhead,Primitive,CVM,3,10,0,40,20,0,36.6,688,10,7.340000000000001,0,0,1,0,0,2
LookAhead,Primitive,CVM,4,10,0,40,20,0,37.2,748,7,8.285714285714286,1,0,0,0,0,1
LookAhead,Primitive,CVM,0,10,0,40,40,0,23.3,727,3,6.466666666666666,1,0,0,0,0,1
LookAhead,Primitive,CVM,1,10,0,40,40,0,27.4,787,8,7.862500000000001,1,0,0,0,0,1
LookAhead,Primitive,CVM,2,10,0,40,40,0,13.4,447,2,3.8,0,0,0,0,1,2
LookAhead,Primitive,CVM,3,10,0,40,40,0,21.3,718,5,7.220000000000001,1,0,0,0,0,1
LookAhead,Primitive,CVM,4,10,0,40,40,0,18.4,620,6,5.016666666666667,0,0,1,0,0,2
LookAhead,Primitive,CVM,0,10,0,40,60,0,13.1,762,3,6.166666666666667,1,0,0,0,0,1
LookAhead,Primitive,CVM,1,10,0,40,60,0,11.7,715,2,5.4,1,0,0,0,0,1
LookAhead,Primitive,CVM,2,10,0,40,60,0,11.7,718,0,,1,0,0,0,0,1
LookAhead,Primitive,CVM,3,10,0,40,60,0,11.7,716,1,9.5,1,0,0,0,0,1
LookAhead,Primitive,CVM,4,10,0,40,60,0,4.1000000000000005,252,1,1.3,0,0,1,0,0,3
LookAhead,Primitive,CVM,0,10,0,60,20,0,31.0,635,10,4.7,0,0,1,0,0,2
LookAhead,Primitive,CVM,1,10,0,60,20,0,15.0,352,6,3.533333333333333,0,0,1,0,0,2
LookAhead,Primitive,CVM,2,10,0,60,20,0,7.800000000000001,161,4,2.375,0,0,1,0,0,2
LookAhead,Primitive,CVM,3,10,0,60,20,0,7.5,162,4,3.725000000000001,0,0,0,0,1,2
LookAhead,Primitive,CVM,4,10,0,60,20,0,5.1000000000000005,128,1,0.1,0,0,1,0,0,2
LookAhead,Primitive,CVM,0,10,0,60,40,0,11.6,415,4,2.475,0,0,1,0,0,2
LookAhead,Primitive,CVM,1,10,0,60,40,0,19.0,651,6,4.25,0,0,1,0,0,2
LookAhead,Primitive,CVM,2,10,0,60,40,0,4.9,213,2,0.35,0,0,1,0,0,2
LookAhead,Primitive,CVM,3,10,0,60,40,0,12.2,462,3,6.366666666666667,0,0,1,0,0,3
LookAhead,Primitive,CVM,4,10,0,60,40,0,6.5,260,1,0.1,0,0,1,0,0,2
LookAhead,Primitive,CVM,0,10,0,60,60,0,11.7,718,2,3.4000000000000004,1,0,0,0,0,1
LookAhead,Primitive,CVM,1,10,0,60,60,0,2.5,118,2,0.65,0,0,1,0,0,2
LookAhead,Primitive,CVM,2,10,0,60,60,0,11.7,716,4,3.0250000000000004,1,0,0,0,0,1
LookAhead,Primitive,CVM,3,10,0,60,60,0,12.3,731,5,5.340000000000001,1,0,0,0,0,1
LookAhead,Primitive,CVM,4,10,0,60,60,0,6.2,377,3,1.7,0,0,1,0,0,2
LookAhead,Primitive,CVM,0,20,0,20,20,0,42.1,782,10,10.4,1,0,0,0,0,1
LookAhead,Primitive,CVM,1,20,0,20,20,0,34.9,675,5,8.080000000000002,0,0,1,0,0,2
LookAhead,Primitive,CVM,2,20,0,20,20,0,8.0,200,4,3.825,0,0,1,0,0,3
LookAhead,Primitive,CVM,3,20,0,20,20,0,3.8,102,1,0.6000000000000001,0,0,1,0,0,2
LookAhead,Primitive,CVM,4,20,0,20,20,0,18.2,390,4,4.125000000000001,0,0,1,0,0,2
LookAhead,Primitive,CVM,0,20,0,20,40,0,21.1,719,8,8.075000000000001,1,0,0,0,0,1
LookAhead,Primitive,CVM,1,20,0,20,40,0,25.6,860,6,13.733333333333334,1,0,0,0,0,1
LookAhead,Primitive,CVM,2,20,0,20,40,0,26.200000000000003,829,9,13.955555555555556,1,0,0,0,0,1
LookAhead,Primitive,CVM,3,20,0,20,40,0,24.5,798,8,9.9125,1,0,0,0,0,1
LookAhead,Primitive,CVM,4,20,0,20,40,0,27.0,887,6,7.950000000000002,0,0,1,0,0,2
LookAhead,Primitive,CVM,0,20,0,20,60,0,13.4,769,7,6.3,1,0,0,0,0,1
LookAhead,Primitive,CVM,1,20,0,20,60,0,7.5,411,4,3.3000000000000003,0,0,1,0,0,2
LookAhead,Primitive,CVM,2,20,0,20,60,0,13.1,722,10,7.139999999999999,1,0,0,0,0,1
LookAhead,Primitive,CVM,3,20,0,20,60,0,13.2,740,5,6.200000000000001,1,0,0,0,0,1
LookAhead,Primitive,CVM,4,20,0,20,60,0,11.7,701,6,6.0,1,0,0,0,0,1
LookAhead,Primitive,CVM,0,20,0,40,20,0,26.3,548,6,5.083333333333334,0,0,1,0,0,2
LookAhead,Primitive,CVM,1,20,0,40,20,0,37.6,749,6,6.100000000000001,0,0,1,0,0,3
LookAhead,Primitive,CVM,2,20,0,40,20,0,19.3,418,8,5.612500000000001,0,0,1,0,0,3
LookAhead,Primitive,CVM,3,20,0,40,20,0,13.5,289,5,3.58,0,0,1,0,0,3
LookAhead,Primitive,CVM,4,20,0,40,20,0,25.6,523,11,6.490909090909091,0,0,0,0,1,2
LookAhead,Primitive,CVM,0,20,0,40,40,0,21.5,734,6,6.1000000000000005,1,0,0,0,0,1
LookAhead,Primitive,CVM,1,20,0,40,40,0,10.6,387,3,3.5333333333333337,0,0,1,0,0,2
LookAhead,Primitive,CVM,2,20,0,40,40,0,4.1000000000000005,144,4,1.5750000000000002,0,0,0,0,1,2
LookAhead,Primitive,CVM,3,20,0,40,40,0,30.5,871,10,7.470000000000001,1,0,0,0,0,1
LookAhead,Primitive,CVM,4,20,0,40,40,0,28.8,1030,10,7.970000000000001,1,0,0,0,0,1
LookAhead,Primitive,CVM,0,20,0,40,60,0,12.2,701,7,5.842857142857143,1,0,0,0,0,1
LookAhead,Primitive,CVM,1,20,0,40,60,0,15.0,863,4,6.2250000000000005,1,0,0,0,0,1
LookAhead,Primitive,CVM,2,20,0,40,60,0,2.9000000000000004,145,4,1.325,0,0,1,0,0,2
LookAhead,Primitive,CVM,3,20,0,40,60,0,2.0,112,2,0.85,0,0,1,0,0,3
LookAhead,Primitive,CVM,4,20,0,40,60,0,12.3,715,5,4.98,1,0,0,0,0,1
LookAhead,Primitive,CVM,0,20,0,60,20,0,3.8,135,1,1.9,0,0,1,0,0,3
LookAhead,Primitive,CVM,1,20,0,60,20,0,34.2,704,16,4.9375,0,0,1,0,0,3
LookAhead,Primitive,CVM,2,20,0,60,20,0,3.3000000000000003,99,4,1.45,0,0,1,0,0,3
LookAhead,Primitive,CVM,3,20,0,60,20,0,6.1000000000000005,150,2,2.7,0,0,1,0,0,2
LookAhead,Primitive,CVM,4,20,0,60,20,0,14.3,268,10,4.07,0,0,1,0,0,2
LookAhead,Primitive,CVM,0,20,0,60,40,0,2.9000000000000004,105,1,1.2000000000000002,0,0,0,0,1,2
LookAhead,Primitive,CVM,1,20,0,60,40,0,4.2,161,1,2.2,0,0,1,0,0,3
LookAhead,Primitive,CVM,2,20,0,60,40,0,11.3,398,8,3.725000000000001,0,0,0,0,1,2
LookAhead,Primitive,CVM,3,20,0,60,40,0,27.200000000000003,803,17,4.788235294117648,0,0,1,0,0,2
LookAhead,Primitive,CVM,4,20,0,60,40,0,2.3000000000000003,81,1,1.2000000000000002,0,0,0,0,1,2
LookAhead,Primitive,CVM,0,20,0,60,60,0,4.6000000000000005,269,3,1.7000000000000002,0,0,1,0,0,2
LookAhead,Primitive,CVM,1,20,0,60,60,0,11.5,681,5,3.22,0,0,1,0,0,2
LookAhead,Primitive,CVM,2,20,0,60,60,0,2.8000000000000003,129,4,1.125,0,0,1,0,0,2
LookAhead,Primitive,CVM,3,20,0,60,60,0,12.7,740,9,4.28888888888889,1,0,0,0,0,1
LookAhead,Primitive,CVM,4,20,0,60,60,0,5.2,304,3,1.1666666666666667,0,0,1,0,0,2
LookAhead,Primitive,CVM,0,30,0,20,20,0,28.6,599,6,8.933333333333335,0,0,1,0,0,3
LookAhead,Primitive,CVM,1,30,0,20,20,0,4.2,115,1,0.2,0,0,1,0,0,2
LookAhead,Primitive,CVM,2,30,0,20,20,0,26.6,559,9,7.344444444444445,0,0,1,0,0,2
LookAhead,Primitive,CVM,3,30,0,20,20,0,5.5,138,2,2.5,0,0,1,0,0,2
LookAhead,Primitive,CVM,4,30,0,20,20,0,37.3,747,8,9.4875,1,0,0,0,0,1
LookAhead,Primitive,CVM,0,30,0,20,40,0,27.9,888,10,12.22,1,0,0,0,0,1
LookAhead,Primitive,CVM,1,30,0,20,40,0,22.4,754,10,8.439999999999998,1,0,0,0,0,1
LookAhead,Primitive,CVM,2,30,0,20,40,0,27.4,940,11,9.836363636363636,1,0,0,0,0,1
LookAhead,Primitive,CVM,3,30,0,20,40,0,23.1,814,9,9.177777777777775,1,0,0,0,0,1
LookAhead,Primitive,CVM,4,30,0,20,40,0,22.3,753,9,8.38888888888889,1,0,0,0,0,1
LookAhead,Primitive,CVM,0,30,0,20,60,0,14.2,754,14,7.1000000000000005,1,0,0,0,0,1
LookAhead,Primitive,CVM,1,30,0,20,60,0,15.4,768,10,7.600000000000001,1,0,0,0,0,1
LookAhead,Primitive,CVM,2,30,0,20,60,0,13.3,730,10,6.28,1,0,0,0,0,1
LookAhead,Primitive,CVM,3,30,0,20,60,0,11.7,713,6,5.05,1,0,0,0,0,1
LookAhead,Primitive,CVM,4,30,0,20,60,0,17.2,769,9,8.08888888888889,1,0,0,0,0,1
LookAhead,Primitive,CVM,0,30,0,40,20,0,13.6,303,7,3.842857142857143,0,0,1,0,0,2
LookAhead,Primitive,CVM,1,30,0,40,20,0,31.200000000000003,591,21,6.704761904761907,0,0,0,0,1,2
LookAhead,Primitive,CVM,2,30,0,40,20,0,2.9000000000000004,103,3,1.9333333333333336,0,0,1,0,0,3
LookAhead,Primitive,CVM,3,30,0,40,20,0,40.5,780,21,7.833333333333333,1,0,0,0,0,1
LookAhead,Primitive,CVM,4,30,0,40,20,0,22.9,477,10,4.950000000000001,0,0,0,0,1,2
LookAhead,Primitive,CVM,0,30,0,40,40,0,13.5,402,8,4.0125,0,0,1,0,0,2
LookAhead,Primitive,CVM,1,30,0,40,40,0,2.8000000000000003,115,2,0.75,0,0,1,0,0,2
LookAhead,Primitive,CVM,2,30,0,40,40,0,8.4,341,5,2.8200000000000003,0,0,1,0,0,3
LookAhead,Primitive,CVM,3,30,0,40,40,0,3.8,155,2,1.9,0,0,1,0,0,3
LookAhead,Primitive,CVM,4,30,0,40,40,0,20.1,753,8,4.175000000000001,0,0,1,0,0,3
LookAhead,Primitive,CVM,0,30,0,40,60,0,14.3,779,6,6.366666666666667,1,0,0,0,0,1
LookAhead,Primitive,CVM,1,30,0,40,60,0,4.0,214,3,1.7666666666666668,0,0,1,0,0,2
LookAhead,Primitive,CVM,2,30,0,40,60,0,3.3000000000000003,172,3,2.266666666666667,0,0,1,0,0,2
LookAhead,Primitive,CVM,3,30,0,40,60,0,14.2,800,13,5.546153846153846,1,0,0,0,0,1
LookAhead,Primitive,CVM,4,30,0,40,60,0,12.9,768,9,4.5,1,0,0,0,0,1
LookAhead,Primitive,CVM,0,30,0,60,20,0,6.800000000000001,159,5,2.54,0,0,1,0,0,3
LookAhead,Primitive,CVM,1,30,0,60,20,0,5.4,132,5,2.3400000000000003,0,0,1,0,0,3
LookAhead,Primitive,CVM,2,30,0,60,20,0,1.9,87,4,1.0000000000000002,0,0,1,0,0,2
LookAhead,Primitive,CVM,3,30,0,60,20,0,4.5,102,6,1.8,0,0,0,0,1,2
LookAhead,Primitive,CVM,4,30,0,60,20,0,2.5,67,2,1.2000000000000002,0,0,0,0,1,2
LookAhead,Primitive,CVM,0,30,0,60,40,0,3.3000000000000003,136,4,0.8750000000000001,0,0,1,0,0,2
LookAhead,Primitive,CVM,1,30,0,60,40,0,9.2,320,11,2.6181818181818186,0,0,1,0,0,2
LookAhead,Primitive,CVM,2,30,0,60,40,0,2.2,115,2,1.9,0,0,1,0,0,3
LookAhead,Primitive,CVM,3,30,0,60,40,0,4.3,119,5,2.0200000000000005,0,0,0,0,1,2
LookAhead,Primitive,CVM,4,30,0,60,40,0,2.4000000000000004,82,2,1.15,0,0,0,0,1,2
LookAhead,Primitive,CVM,0,30,0,60,60,0,2.7,141,2,1.4,0,0,1,0,0,2
LookAhead,Primitive,CVM,1,30,0,60,60,0,5.5,307,8,2.5875000000000004,0,0,1,0,0,2
LookAhead,Primitive,CVM,2,30,0,60,60,0,5.6000000000000005,321,6,2.7833333333333337,0,0,1,0,0,2
LookAhead,Primitive,CVM,3,30,0,60,60,0,6.300000000000001,368,8,2.175,0,0,1,0,0,2
LookAhead,Primitive,CVM,4,30,0,60,60,0,10.0,628,6,2.066666666666667,0,0,1,0,0,2
LookAhead,Primitive,CVM,0,10,0,20,20,2,37.9,726,4,7.35,1,0,0,0,0,1
LookAhead,Primitive,CVM,1,10,0,20,20,2,6.800000000000001,154,2,2.1500000000000004,0,0,1,0,0,2
LookAhead,Primitive,CVM,2,10,0,20,20,2,39.1,724,3,9.333333333333334,1,0,0,0,0,1
LookAhead,Primitive,CVM,3,10,0,20,20,2,39.7,707,5,9.54,1,0,0,0,0,1
LookAhead,Primitive,CVM,4,10,0,20,20,2,34.9,744,3,7.033333333333334,0,0,0,0,1,2
LookAhead,Primitive,CVM,0,10,0,20,40,2,20.700000000000003,722,2,7.75,1,0,0,0,0,1
LookAhead,Primitive,CVM,1,10,0,20,40,2,21.5,716,3,6.333333333333333,1,0,0,0,0,1
LookAhead,Primitive,CVM,2,10,0,20,40,2,21.5,719,3,4.666666666666667,1,0,0,0,0,1
LookAhead,Primitive,CVM,3,10,0,20,40,2,28.9,830,4,7.975,1,0,0,0,0,1
LookAhead,Primitive,CVM,4,10,0,20,40,2,13.9,513,2,4.6,0,0,1,0,0,2
LookAhead,Primitive,CVM,0,10,0,20,60,2,12.0,712,6,4.8500000000000005,1,0,0,0,0,1
LookAhead,Primitive,CVM,1,10,0,20,60,2,11.7,715,2,4.2,1,0,0,0,0,1
LookAhead,Primitive,CVM,2,10,0,20,60,2,13.5,722,3,4.733333333333334,1,0,0,0,0,1
LookAhead,Primitive,CVM,3,10,0,20,60,2,11.7,717,1,1.9,1,0,0,0,0,1
LookAhead,Primitive,CVM,4,10,0,20,60,2,11.7,718,1,4.6000000000000005,1,0,0,0,0,1
LookAhead,Primitive,CVM,0,10,0,40,20,2,26.0,492,6,4.966666666666667,0,0,0,0,1,2
LookAhead,Primitive,CVM,1,10,0,40,20,2,16.400000000000002,343,3,7.7,0,0,1,0,0,3
LookAhead,Primitive,CVM,2,10,0,40,20,2,16.3,347,3,5.266666666666667,0,0,1,0,0,2
LookAhead,Primitive,CVM,3,10,0,40,20,2,43.2,797,13,7.115384615384615,1,0,0,0,0,1
LookAhead,Primitive,CVM,4,10,0,40,20,2,38.7,756,5,7.760000000000001,1,0,0,0,0,1
LookAhead,Primitive,CVM,0,10,0,40,40,2,21.9,755,4,5.125000000000001,1,0,0,0,0,1
LookAhead,Primitive,CVM,1,10,0,40,40,2,23.8,654,5,7.62,0,0,1,0,0,3
LookAhead,Primitive,CVM,2,10,0,40,40,2,13.6,468,2,3.0000000000000004,0,0,1,0,0,2
LookAhead,Primitive,CVM,3,10,0,40,40,2,6.4,204,2,4.0,0,0,1,0,0,2
LookAhead,Primitive,CVM,4,10,0,40,40,2,10.7,340,3,3.133333333333334,0,0,1,0,0,2
LookAhead,Primitive,CVM,0,10,0,40,60,2,6.4,390,2,2.7,0,0,1,0,0,2
LookAhead,Primitive,CVM,1,10,0,40,60,2,11.7,715,2,5.4,1,0,0,0,0,1
LookAhead,Primitive,CVM,2,10,0,40,60,2,11.7,718,0,,1,0,0,0,0,1
LookAhead,Primitive,CVM,3,10,0,40,60,2,6.7,361,4,2.7,0,0,1,0,0,2
LookAhead,Primitive,CVM,4,10,0,40,60,2,4.0,245,2,0.8500000000000001,0,0,1,0,0,3
LookAhead,Primitive,CVM,0,10,0,60,20,2,38.3,721,12,4.766666666666668,0,0,1,0,0,2
LookAhead,Primitive,CVM,1,10,0,60,20,2,36.0,734,11,5.7,1,0,0,0,0,1
LookAhead,Primitive,CVM,2,10,0,60,20,2,6.6000000000000005,157,3,1.6000000000000003,0,0,1,0,0,2
LookAhead,Primitive,CVM,3,10,0,60,20,2,10.6,214,5,5.54,0,0,0,0,1,2
LookAhead,Primitive,CVM,4,10,0,60,20,2,5.1000000000000005,128,1,0.1,0,0,1,0,0,2
LookAhead,Primitive,CVM,0,10,0,60,40,2,11.6,412,4,2.6750000000000003,0,0,1,0,0,2
LookAhead,Primitive,CVM,1,10,0,60,40,2,20.4,655,7,4.114285714285715,0,0,1,0,0,2
LookAhead,Primitive,CVM,2,10,0,60,40,2,4.9,213,2,0.35,0,0,1,0,0,2
LookAhead,Primitive,CVM,3,10,0,60,40,2,19.200000000000003,633,8,4.3375,0,0,1,0,0,3
LookAhead,Primitive,CVM,4,10,0,60,40,2,6.5,260,1,0.1,0,0,1,0,0,2
LookAhead,Primitive,CVM,0,10,0,60,60,2,11.7,718,2,4.2,1,0,0,0,0,1
LookAhead,Primitive,CVM,1,10,0,60,60,2,2.3000000000000003,119,2,0.55,0,0,1,0,0,2
LookAhead,Primitive,CVM,2,10,0,60,60,2,13.8,746,4,4.5,1,0,0,0,0,1
LookAhead,Primitive,CVM,3,10,0,60,60,2,5.0,238,2,3.3500000000000005,0,0,1,0,0,3
LookAhead,Primitive,CVM,4,10,0,60,60,2,10.1,625,3,3.7,0,0,1,0,0,3
LookAhead,Primitive,CVM,0,20,0,20,20,2,37.5,763,6,7.6,1,0,0,0,0,1
LookAhead,Primitive,CVM,1,20,0,20,20,2,34.6,684,5,5.82,0,0,0,0,1,2
LookAhead,Primitive,CVM,2,20,0,20,20,2,42.2,824,13,7.992307692307692,1,0,0,0,0,1
LookAhead,Primitive,CVM,3,20,0,20,20,2,3.7,102,1,0.5,0,0,1,0,0,3
LookAhead,Primitive,CVM,4,20,0,20,20,2,15.4,320,2,4.95,0,0,1,0,0,2
LookAhead,Primitive,CVM,0,20,0,20,40,2,22.6,796,5,6.540000000000001,1,0,0,0,0,1
LookAhead,Primitive,CVM,1,20,0,20,40,2,24.6,840,7,8.871428571428572,1,0,0,0,0,1
LookAhead,Primitive,CVM,2,20,0,20,40,2,4.7,168,5,2.0200000000000005,0,0,0,0,1,2
LookAhead,Primitive,CVM,3,20,0,20,40,2,14.9,507,7,3.571428571428572,0,0,0,0,1,2
LookAhead,Primitive,CVM,4,20,0,20,40,2,24.0,797,3,6.966666666666668,1,0,0,0,0,1
LookAhead,Primitive,CVM,0,20,0,20,60,2,12.8,754,7,4.285714285714287,1,0,0,0,0,1
LookAhead,Primitive,CVM,1,20,0,20,60,2,19.0,1019,8,6.425000000000001,1,0,0,0,0,1
LookAhead,Primitive,CVM,2,20,0,20,60,2,4.0,206,6,1.7666666666666668,0,0,1,0,0,2
LookAhead,Primitive,CVM,3,20,0,20,60,2,13.7,745,6,5.266666666666667,1,0,0,0,0,1
LookAhead,Primitive,CVM,4,20,0,20,60,2,8.8,507,5,4.38,0,0,1,0,0,2
LookAhead,Primitive,CVM,0,20,0,40,20,2,27.4,567,9,5.022222222222222,0,0,1,0,0,2
LookAhead,Primitive,CVM,1,20,0,40,20,2,37.3,792,10,5.050000000000001,0,0,1,0,0,2
LookAhead,Primitive,CVM,2,20,0,40,20,2,12.9,269,7,4.928571428571429,0,0,0,0,1,2
LookAhead,Primitive,CVM,3,20,0,40,20,2,13.3,274,7,2.842857142857144,0,0,1,0,0,2
LookAhead,Primitive,CVM,4,20,0,40,20,2,25.6,506,13,5.092307692307691,0,0,1,0,0,2
LookAhead,Primitive,CVM,0,20,0,40,40,2,14.6,494,5,3.54,0,0,1,0,0,2
LookAhead,Primitive,CVM,1,20,0,40,40,2,18.3,591,4,2.9000000000000004,0,0,1,0,0,2
LookAhead,Primitive,CVM,2,20,0,40,40,2,4.0,147,4,1.5000000000000002,0,0,1,0,0,2
LookAhead,Primitive,CVM,3,20,0,40,40,2,2.5,106,2,1.35,0,0,1,0,0,2
LookAhead,Primitive,CVM,4,20,0,40,40,2,3.1,105,1,1.6,0,0,1,0,0,2
LookAhead,Primitive,CVM,0,20,0,40,60,2,14.6,711,10,5.390000000000001,1,0,0,0,0,1
LookAhead,Primitive,CVM,1,20,0,40,60,2,3.2,169,2,1.3,0,0,1,0,0,2
LookAhead,Primitive,CVM,2,20,0,40,60,2,2.8000000000000003,147,4,1.225,0,0,1,0,0,2
LookAhead,Primitive,CVM,3,20,0,40,60,2,2.0,112,2,0.85,0,0,1,0,0,3
LookAhead,Primitive,CVM,4,20,0,40,60,2,8.6,505,2,2.7,0,0,1,0,0,2
LookAhead,Primitive,CVM,0,20,0,60,20,2,3.3000000000000003,92,1,1.4,0,0,1,0,0,2
LookAhead,Primitive,CVM,1,20,0,60,20,2,11.8,290,5,3.5,0,0,1,0,0,3
LookAhead,Primitive,CVM,2,20,0,60,20,2,9.5,209,6,4.1000000000000005,0,0,1,0,0,2
LookAhead,Primitive,CVM,3,20,0,60,20,2,6.6000000000000005,168,2,3.0500000000000003,0,0,1,0,0,2
LookAhead,Primitive,CVM,4,20,0,60,20,2,14.4,270,10,3.69,0,0,1,0,0,2
LookAhead,Primitive,CVM,0,20,0,60,40,2,2.8000000000000003,120,1,1.1,0,0,1,0,0,2
LookAhead,Primitive,CVM,1,20,0,60,40,2,4.2,161,1,2.2,0,0,1,0,0,3
LookAhead,Primitive,CVM,2,20,0,60,40,2,8.6,266,7,3.842857142857143,0,0,1,0,0,2
LookAhead,Primitive,CVM,3,20,0,60,40,2,8.200000000000001,293,4,2.95,0,0,1,0,0,2
LookAhead,Primitive,CVM,4,20,0,60,40,2,2.3000000000000003,98,1,1.2000000000000002,0,0,1,0,0,2
LookAhead,Primitive,CVM,0,20,0,60,60,2,4.6000000000000005,271,3,1.8333333333333333,0,0,1,0,0,2
LookAhead,Primitive,CVM,1,20,0,60,60,2,15.2,789,6,4.733333333333333,1,0,0,0,0,1
LookAhead,Primitive,CVM,2,20,0,60,60,2,2.4000000000000004,118,3,1.2000000000000002,0,0,1,0,0,2
LookAhead,Primitive,CVM,3,20,0,60,60,2,12.8,646,9,3.5333333333333337,0,0,1,0,0,3
LookAhead,Primitive,CVM,4,20,0,60,60,2,14.6,742,10,5.6000000000000005,1,0,0,0,0,1
LookAhead,Primitive,CVM,0,30,0,20,20,2,29.200000000000003,637,7,6.442857142857143,0,0,1,0,0,3
LookAhead,Primitive,CVM,1,30,0,20,20,2,4.2,115,1,0.2,0,0,1,0,0,2
LookAhead,Primitive,CVM,2,30,0,20,20,2,45.3,915,17,8.941176470588236,1,0,0,0,0,1
LookAhead,Primitive,CVM,3,30,0,20,20,2,5.5,138,2,2.5,0,0,1,0,0,2
LookAhead,Primitive,CVM,4,30,0,20,20,2,34.5,719,10,4.880000000000001,0,0,1,0,0,2
LookAhead,Primitive,CVM,0,30,0,20,40,2,25.6,776,8,8.3125,1,0,0,0,0,1
LookAhead,Primitive,CVM,1,30,0,20,40,2,27.0,810,12,7.641666666666667,1,0,0,0,0,1
LookAhead,Primitive,CVM,2,30,0,20,40,2,8.5,215,6,4.333333333333334,0,0,1,0,0,2
LookAhead,Primitive,CVM,3,30,0,20,40,2,22.5,733,10,5.609999999999999,0,0,0,0,1,2
LookAhead,Primitive,CVM,4,30,0,20,40,2,26.200000000000003,816,11,5.890909090909092,1,0,0,0,0,1
LookAhead,Primitive,CVM,0,30,0,20,60,2,16.0,754,14,6.592857142857143,1,0,0,0,0,1
LookAhead,Primitive,CVM,1,30,0,20,60,2,16.2,792,10,5.61,1,0,0,0,0,1
LookAhead,Primitive,CVM,2,30,0,20,60,2,2.3000000000000003,101,3,1.3333333333333333,0,0,1,0,0,2
LookAhead,Primitive,CVM,3,30,0,20,60,2,11.7,713,6,4.933333333333334,1,0,0,0,0,1
LookAhead,Primitive,CVM,4,30,0,20,60,2,18.6,861,11,6.118181818181818,1,0,0,0,0,1
LookAhead,Primitive,CVM,0,30,0,40,20,2,24.3,432,16,5.987500000000001,0,0,1,0,0,3
LookAhead,Primitive,CVM,1,30,0,40,20,2,5.0,101,3,2.266666666666667,0,0,0,0,1,2
LookAhead,Primitive,CVM,2,30,0,40,20,2,3.0,125,3,2.0333333333333337,0,0,1,0,0,3
LookAhead,Primitive,CVM,3,30,0,40,20,2,7.300000000000001,143,3,4.3,0,0,1,0,0,3
LookAhead,Primitive,CVM,4,30,0,40,20,2,12.2,243,6,4.1,0,0,1,0,0,2
LookAhead,Primitive,CVM,0,30,0,40,40,2,5.300000000000001,200,3,2.366666666666667,0,0,1,0,0,3
LookAhead,Primitive,CVM,1,30,0,40,40,2,2.7,116,2,0.6500000000000001,0,0,1,0,0,2
LookAhead,Primitive,CVM,2,30,0,40,40,2,5.2,199,4,2.275,0,0,1,0,0,2
LookAhead,Primitive,CVM,3,30,0,40,40,2,3.8,149,2,1.95,0,0,1,0,0,2
LookAhead,Primitive,CVM,4,30,0,40,40,2,22.1,687,13,4.230769230769232,0,0,1,0,0,3
LookAhead,Primitive,CVM,0,30,0,40,60,2,12.7,700,6,5.783333333333334,1,0,0,0,0,1
LookAhead,Primitive,CVM,1,30,0,40,60,2,12.1,657,10,4.6800000000000015,0,0,1,0,0,2
LookAhead,Primitive,CVM,2,30,0,40,60,2,1.8,98,3,1.0333333333333334,0,0,1,0,0,2
LookAhead,Primitive,CVM,3,30,0,40,60,2,7.2,363,5,2.6000000000000005,0,0,1,0,0,2
LookAhead,Primitive,CVM,4,30,0,40,60,2,4.9,284,3,2.733333333333333,0,0,1,0,0,2
LookAhead,Primitive,CVM,0,30,0,60,20,2,6.6000000000000005,163,4,3.3000000000000003,0,0,1,0,0,3
LookAhead,Primitive,CVM,1,30,0,60,20,2,5.4,120,4,2.3500000000000005,0,0,1,0,0,2
LookAhead,Primitive,CVM,2,30,0,60,20,2,1.9,99,4,0.975,0,0,1,0,0,2
LookAhead,Primitive,CVM,3,30,0,60,20,2,4.9,104,4,2.75,0,0,1,0,0,2
LookAhead,Primitive,CVM,4,30,0,60,20,2,2.7,90,2,1.4,0,0,1,0,0,3
LookAhead,Primitive,CVM,0,30,0,60,40,2,3.3000000000000003,137,3,1.2666666666666668,0,0,1,0,0,3
LookAhead,Primitive,CVM,1,30,0,60,40,2,3.7,115,3,1.4333333333333336,0,0,1,0,0,2
LookAhead,Primitive,CVM,2,30,0,60,40,2,2.1,103,4,1.125,0,0,1,0,0,2
LookAhead,Primitive,CVM,3,30,0,60,40,2,4.5,117,5,2.18,0,0,1,0,0,2
LookAhead,Primitive,CVM,4,30,0,60,40,2,2.3000000000000003,103,2,1.05,0,0,1,0,0,3
LookAhead,Primitive,CVM,0,30,0,60,60,2,2.6,137,2,1.3,0,0,1,0,0,2
LookAhead,Primitive,CVM,1,30,0,60,60,2,11.7,656,15,4.266666666666668,0,0,1,0,0,3
LookAhead,Primitive,CVM,2,30,0,60,60,2,1.5,81,3,0.8666666666666667,0,0,1,0,0,2
LookAhead,Primitive,CVM,3,30,0,60,60,2,2.4000000000000004,121,2,1.65,0,0,1,0,0,3
LookAhead,Primitive,CVM,4,30,0,60,60,2,9.9,627,6,2.866666666666667,0,0,1,0,0,2
LookAhead,Jerk_Primitive,CVM,0,10,0,20,20,0,29.3,716,2,11.7,1,0,0,0,0,1
LookAhead,Jerk_Primitive,CVM,1,10,0,20,20,0,13.9,374,2,9.95,0,0,1,0,0,3
LookAhead,Jerk_Primitive,CVM,2,10,0,20,20,0,30.0,752,3,5.333333333333333,1,0,0,0,0,1
LookAhead,Jerk_Primitive,CVM,3,10,0,20,20,0,30.6,815,4,16.675000000000004,1,0,0,0,0,1
LookAhead,Jerk_Primitive,CVM,4,10,0,20,20,0,30.0,787,5,14.24,1,0,0,0,0,1
LookAhead,Jerk_Primitive,CVM,0,10,0,20,40,0,14.7,715,4,5.9,1,0,0,0,0,1
LookAhead,Jerk_Primitive,CVM,1,10,0,20,40,0,14.7,709,3,6.0,1,0,0,0,0,1
LookAhead,Jerk_Primitive,CVM,2,10,0,20,40,0,14.7,718,2,5.9,1,0,0,0,0,1
LookAhead,Jerk_Primitive,CVM,3,10,0,20,40,0,14.7,718,1,3.0,1,0,0,0,0,1
LookAhead,Jerk_Primitive,CVM,4,10,0,20,40,0,14.7,718,2,7.050000000000001,1,0,0,0,0,1
LookAhead,Jerk_Primitive,CVM,0,10,0,20,60,0,9.8,691,7,5.271428571428572,1,0,0,0,0,1
LookAhead,Jerk_Primitive,CVM,1,10,0,20,60,0,9.8,715,2,4.25,1,0,0,0,0,1
LookAhead,Jerk_Primitive,CVM,2,10,0,20,60,0,9.9,713,4,6.45,1,0,0,0,0,1
LookAhead,Jerk_Primitive,CVM,3,10,0,20,60,0,9.8,717,1,1.2000000000000002,1,0,0,0,0,1
LookAhead,Jerk_Primitive,CVM,4,10,0,20,60,0,9.8,717,2,8.75,1,0,0,0,0,1
LookAhead,Jerk_Primitive,CVM,0,10,0,40,20,0,29.3,716,4,6.775,1,0,0,0,0,1
LookAhead,Jerk_Primitive,CVM,1,10,0,40,20,0,28.9,710,6,7.683333333333334,0,0,1,0,0,2
LookAhead,Jerk_Primitive,CVM,2,10,0,40,20,0,7.1000000000000005,211,1,0.5,0,0,1,0,0,3
LookAhead,Jerk_Primitive,CVM,3,10,0,40,20,0,29.700000000000003,730,4,8.925,1,0,0,0,0,1
LookAhead,Jerk_Primitive,CVM,4,10,0,40,20,0,29.6,741,6,7.216666666666668,1,0,0,0,0,1
LookAhead,Jerk_Primitive,CVM,0,10,0,40,40,0,14.7,716,2,5.8500000000000005,1,0,0,0,0,1
LookAhead,Jerk_Primitive,CVM,1,10,0,40,40,0,7.0,374,2,5.0,0,0,1,0,0,3
LookAhead,Jerk_Primitive,CVM,2,10,0,40,40,0,15.1,726,3,2.6,1,0,0,0,0,1
LookAhead,Jerk_Primitive,CVM,3,10,0,40,40,0,14.9,744,3,8.166666666666666,1,0,0,0,0,1
LookAhead,Jerk_Primitive,CVM,4,10,0,40,40,0,15.6,849,5,7.08,1,0,0,0,0,1
LookAhead,Jerk_Primitive,CVM,0,10,0,40,60,0,9.8,716,1,5.300000000000001,1,0,0,0,0,1
LookAhead,Jerk_Primitive,CVM,1,10,0,40,60,0,9.8,717,3,3.7000000000000006,1,0,0,0,0,1
LookAhead,Jerk_Primitive,CVM,2,10,0,40,60,0,9.8,718,1,4.7,1,0,0,0,0,1
LookAhead,Jerk_Primitive,CVM,3,10,0,40,60,0,9.8,718,0,,1,0,0,0,0,1
LookAhead,Jerk_Primitive,CVM,4,10,0,40,60,0,9.8,703,4,4.95,1,0,0,0,0,1
LookAhead,Jerk_Primitive,CVM,0,10,0,60,20,0,8.4,243,2,2.05,0,0,1,0,0,3
LookAhead,Jerk_Primitive,CVM,1,10,0,60,20,0,16.5,434,7,4.442857142857143,0,0,1,0,0,2
LookAhead,Jerk_Primitive,CVM,2,10,0,60,20,0,31.3,766,9,5.6000000000000005,1,0,0,0,0,1
LookAhead,Jerk_Primitive,CVM,3,10,0,60,20,0,29.3,716,13,5.192307692307693,1,0,0,0,0,1
LookAhead,Jerk_Primitive,CVM,4,10,0,60,20,0,6.6000000000000005,199,1,1.0,0,0,1,0,0,3
LookAhead,Jerk_Primitive,CVM,0,10,0,60,40,0,14.7,718,3,2.966666666666667,1,0,0,0,0,1
LookAhead,Jerk_Primitive,CVM,1,10,0,60,40,0,3.1,200,3,1.4,0,0,1,0,0,2
LookAhead,Jerk_Primitive,CVM,2,10,0,60,40,0,14.7,717,2,5.300000000000001,1,0,0,0,0,1
LookAhead,Jerk_Primitive,CVM,3,10,0,60,40,0,10.2,526,5,3.900000000000001,0,0,1,0,0,2
LookAhead,Jerk_Primitive,CVM,4,10,0,60,40,0,11.9,622,4,3.475,0,0,1,0,0,3
LookAhead,Jerk_Primitive,CVM,0,10,0,60,60,0,9.8,716,2,3.850000000000001,1,0,0,0,0,1
LookAhead,Jerk_Primitive,CVM,1,10,0,60,60,0,4.7,374,2,3.4000000000000004,0,0,1,0,0,3
LookAhead,Jerk_Primitive,CVM,2,10,0,60,60,0,10.1,719,3,1.866666666666667,1,0,0,0,0,1
LookAhead,Jerk_Primitive,CVM,3,10,0,60,60,0,9.9,694,3,5.466666666666666,1,0,0,0,0,1
LookAhead,Jerk_Primitive,CVM,4,10,0,60,60,0,11.4,866,4,5.075,1,0,0,0,0,1
LookAhead,Jerk_Primitive,CVM,0,20,0,20,20,0,29.200000000000003,722,6,11.533333333333331,1,0,0,0,0,1
LookAhead,Jerk_Primitive,CVM,1,20,0,20,20,0,29.5,716,5,13.3,1,0,0,0,0,1
LookAhead,Jerk_Primitive,CVM,2,20,0,20,20,0,30.4,681,7,13.5,1,0,0,0,0,1
LookAhead,Jerk_Primitive,CVM,3,20,0,20,20,0,29.9,742,9,12.733333333333334,1,0,0,0,0,1
LookAhead,Jerk_Primitive,CVM,4,20,0,20,20,0,29.3,676,6,11.5,1,0,0,0,0,1
LookAhead,Jerk_Primitive,CVM,0,20,0,20,40,0,14.7,713,5,7.62,1,0,0,0,0,1
LookAhead,Jerk_Primitive,CVM,1,20,0,20,40,0,14.8,704,9,7.611111111111111,1,0,0,0,0,1
LookAhead,Jerk_Primitive,CVM,2,20,0,20,40,0,14.9,722,12,8.250000000000002,1,0,0,0,0,1
LookAhead,Jerk_Primitive,CVM,3,20,0,20,40,0,14.7,713,4,6.575000000000001,1,0,0,0,0,1
LookAhead,Jerk_Primitive,CVM,4,20,0,20,40,0,14.8,714,7,7.2,1,0,0,0,0,1
LookAhead,Jerk_Primitive,CVM,0,20,0,20,60,0,9.9,737,7,5.2,1,0,0,0,0,1
LookAhead,Jerk_Primitive,CVM,1,20,0,20,60,0,9.8,692,8,5.375,1,0,0,0,0,1
LookAhead,Jerk_Primitive,CVM,2,20,0,20,60,0,9.9,685,11,5.781818181818181,1,0,0,0,0,1
LookAhead,Jerk_Primitive,CVM,3,20,0,20,60,0,9.8,725,4,4.5,1,0,0,0,0,1
LookAhead,Jerk_Primitive,CVM,4,20,0,20,60,0,9.8,663,7,6.757142857142857,1,0,0,0,0,1
LookAhead,Jerk_Primitive,CVM,0,20,0,40,20,0,29.6,750,8,6.7875000000000005,1,0,0,0,0,1
LookAhead,Jerk_Primitive,CVM,1,20,0,40,20,0,29.6,733,7,7.228571428571429,1,0,0,0,0,1
LookAhead,Jerk_Primitive,CVM,2,20,0,40,20,0,29.4,730,13,7.3307692307692305,1,0,0,0,0,1
LookAhead,Jerk_Primitive,CVM,3,20,0,40,20,0,18.2,479,7,6.957142857142857,0,0,1,0,0,3
LookAhead,Jerk_Primitive,CVM,4,20,0,40,20,0,15.8,400,8,6.050000000000001,0,0,1,0,0,2
LookAhead,Jerk_Primitive,CVM,0,20,0,40,40,0,14.7,727,7,5.557142857142858,1,0,0,0,0,1
LookAhead,Jerk_Primitive,CVM,1,20,0,40,40,0,14.7,702,5,6.640000000000001,1,0,0,0,0,1
LookAhead,Jerk_Primitive,CVM,2,20,0,40,40,0,15.2,743,9,5.922222222222223,1,0,0,0,0,1
LookAhead,Jerk_Primitive,CVM,3,20,0,40,40,0,14.9,725,8,6.5375000000000005,1,0,0,0,0,1
LookAhead,Jerk_Primitive,CVM,4,20,0,40,40,0,14.7,666,6,5.783333333333334,1,0,0,0,0,1
LookAhead,Jerk_Primitive,CVM,0,20,0,40,60,0,10.3,736,7,4.6571428571428575,1,0,0,0,0,1
LookAhead,Jerk_Primitive,CVM,1,20,0,40,60,0,9.8,696,6,5.683333333333334,1,0,0,0,0,1
LookAhead,Jerk_Primitive,CVM,2,20,0,40,60,0,10.2,763,9,5.522222222222222,1,0,0,0,0,1
LookAhead,Jerk_Primitive,CVM,3,20,0,40,60,0,9.8,695,6,4.466666666666667,1,0,0,0,0,1
LookAhead,Jerk_Primitive,CVM,4,20,0,40,60,0,9.8,690,6,4.216666666666667,1,0,0,0,0,1
LookAhead,Jerk_Primitive,CVM,0,20,0,60,20,0,32.1,789,12,5.025,1,0,0,0,0,1
LookAhead,Jerk_Primitive,CVM,1,20,0,60,20,0,4.3,147,1,2.4000000000000004,0,0,1,0,0,3
LookAhead,Jerk_Primitive,CVM,2,20,0,60,20,0,29.5,721,18,4.872222222222223,1,0,0,0,0,1
LookAhead,Jerk_Primitive,CVM,3,20,0,60,20,0,14.1,382,7,3.928571428571429,0,0,1,0,0,2
LookAhead,Jerk_Primitive,CVM,4,20,0,60,20,0,13.9,370,6,5.4,0,0,1,0,0,3
LookAhead,Jerk_Primitive,CVM,0,20,0,60,40,0,14.8,714,7,4.242857142857143,1,0,0,0,0,1
LookAhead,Jerk_Primitive,CVM,1,20,0,60,40,0,11.9,611,6,1.933333333333333,0,0,1,0,0,3
LookAhead,Jerk_Primitive,CVM,2,20,0,60,40,0,15.2,746,9,4.211111111111111,1,0,0,0,0,1
LookAhead,Jerk_Primitive,CVM,3,20,0,60,40,0,1.3,98,2,0.65,0,0,1,0,0,2
LookAhead,Jerk_Primitive,CVM,4,20,0,60,40,0,5.7,308,5,1.24,0,0,1,0,0,3
LookAhead,Jerk_Primitive,CVM,0,20,0,60,60,0,9.8,727,7,3.7285714285714286,1,0,0,0,0,1
LookAhead,Jerk_Primitive,CVM,1,20,0,60,60,0,9.9,696,5,4.380000000000001,1,0,0,0,0,1
LookAhead,Jerk_Primitive,CVM,2,20,0,60,60,0,10.3,727,9,4.188888888888889,1,0,0,0,0,1
LookAhead,Jerk_Primitive,CVM,3,20,0,60,60,0,9.8,713,8,4.487500000000001,1,0,0,0,0,1
LookAhead,Jerk_Primitive,CVM,4,20,0,60,60,0,9.8,675,7,3.928571428571428,1,0,0,0,0,1
LookAhead,Jerk_Primitive,CVM,0,30,0,20,20,0,29.3,715,5,12.14,1,0,0,0,0,1
LookAhead,Jerk_Primitive,CVM,1,30,0,20,20,0,32.300000000000004,833,14,10.9,1,0,0,0,0,1
LookAhead,Jerk_Primitive,CVM,2,30,0,20,20,0,29.6,697,9,10.7,1,0,0,0,0,1
LookAhead,Jerk_Primitive,CVM,3,30,0,20,20,0,29.4,727,10,10.19,0,0,1,0,0,2
LookAhead,Jerk_Primitive,CVM,4,30,0,20,20,0,29.3,712,8,10.4625,1,0,0,0,0,1
LookAhead,Jerk_Primitive,CVM,0,30,0,20,40,0,14.7,709,11,5.909090909090909,1,0,0,0,0,1
LookAhead,Jerk_Primitive,CVM,1,30,0,20,40,0,14.7,708,8,7.525,1,0,0,0,0,1
LookAhead,Jerk_Primitive,CVM,2,30,0,20,40,0,15.1,738,13,8.238461538461538,1,0,0,0,0,1
LookAhead,Jerk_Primitive,CVM,3,30,0,20,40,0,14.7,711,8,6.6375,1,0,0,0,0,1
LookAhead,Jerk_Primitive,CVM,4,30,0,20,40,0,15.1,694,10,7.44,1,0,0,0,0,1
LookAhead,Jerk_Primitive,CVM,0,30,0,20,60,0,10.2,746,14,5.414285714285716,1,0,0,0,0,1
LookAhead,Jerk_Primitive,CVM,1,30,0,20,60,0,9.8,680,7,5.242857142857143,1,0,0,0,0,1
LookAhead,Jerk_Primitive,CVM,2,30,0,20,60,0,9.9,689,14,5.807142857142857,1,0,0,0,0,1
LookAhead,Jerk_Primitive,CVM,3,30,0,20,60,0,9.8,710,5,6.080000000000001,1,0,0,0,0,1
LookAhead,Jerk_Primitive,CVM,4,30,0,20,60,0,9.8,703,8,7.737500000000001,1,0,0,0,0,1
LookAhead,Jerk_Primitive,CVM,0,30,0,40,20,0,14.0,377,7,4.071428571428572,0,0,1,0,0,3
LookAhead,Jerk_Primitive,CVM,1,30,0,40,20,0,11.3,306,7,5.171428571428572,0,0,1,0,0,3
LookAhead,Jerk_Primitive,CVM,2,30,0,40,20,0,3.0,125,4,1.7000000000000002,0,0,1,0,0,2
LookAhead,Jerk_Primitive,CVM,3,30,0,40,20,0,3.8,131,2,2.2,0,0,1,0,0,3
LookAhead,Jerk_Primitive,CVM,4,30,0,40,20,0,8.6,262,5,3.64,0,0,1,0,0,3
LookAhead,Jerk_Primitive,CVM,0,30,0,40,40,0,7.2,383,3,2.9333333333333336,0,0,1,0,0,3
LookAhead,Jerk_Primitive,CVM,1,30,0,40,40,0,9.1,484,8,3.95,0,0,1,0,0,2
LookAhead,Jerk_Primitive,CVM,2,30,0,40,40,0,14.7,741,9,5.144444444444444,1,0,0,0,0,1
LookAhead,Jerk_Primitive,CVM,3,30,0,40,40,0,14.6,722,9,5.422222222222222,0,0,1,0,0,2
LookAhead,Jerk_Primitive,CVM,4,30,0,40,40,0,14.7,711,8,5.275,1,0,0,0,0,1
LookAhead,Jerk_Primitive,CVM,0,30,0,40,60,0,9.8,710,8,4.1375,1,0,0,0,0,1
LookAhead,Jerk_Primitive,CVM,1,30,0,40,60,0,10.1,728,12,4.65,1,0,0,0,0,1
LookAhead,Jerk_Primitive,CVM,2,30,0,40,60,0,10.1,726,11,4.800000000000001,1,0,0,0,0,1
LookAhead,Jerk_Primitive,CVM,3,30,0,40,60,0,10.0,723,9,4.1000000000000005,1,0,0,0,0,1
LookAhead,Jerk_Primitive,CVM,4,30,0,40,60,0,10.7,752,8,5.3875,1,0,0,0,0,1
LookAhead,Jerk_Primitive,CVM,0,30,0,60,20,0,13.8,350,12,3.858333333333334,0,0,1,0,0,2
LookAhead,Jerk_Primitive,CVM,1,30,0,60,20,0,13.6,388,10,4.22,0,0,1,0,0,3
LookAhead,Jerk_Primitive,CVM,2,30,0,60,20,0,2.1,120,4,1.025,0,0,1,0,0,2
LookAhead,Jerk_Primitive,CVM,3,30,0,60,20,0,10.6,288,8,4.025,0,0,1,0,0,2
LookAhead,Jerk_Primitive,CVM,4,30,0,60,20,0,8.200000000000001,243,7,2.7,0,0,1,0,0,2
LookAhead,Jerk_Primitive,CVM,0,30,0,60,40,0,5.800000000000001,330,4,2.375,0,0,1,0,0,3
LookAhead,Jerk_Primitive,CVM,1,30,0,60,40,0,1.5,109,1,0.3,0,0,1,0,0,2
LookAhead,Jerk_Primitive,CVM,2,30,0,60,40,0,1.9,142,5,0.94,0,0,1,0,0,2
LookAhead,Jerk_Primitive,CVM,3,30,0,60,40,0,1.9,130,2,0.95,0,0,1,0,0,2
LookAhead,Jerk_Primitive,CVM,4,30,0,60,40,0,14.7,714,9,3.144444444444445,1,0,0,0,0,1
LookAhead,Jerk_Primitive,CVM,0,30,0,60,60,0,9.8,711,5,4.08,1,0,0,0,0,1
LookAhead,Jerk_Primitive,CVM,1,30,0,60,60,0,6.0,476,7,2.5714285714285707,0,0,1,0,0,2
LookAhead,Jerk_Primitive,CVM,2,30,0,60,60,0,9.8,689,9,3.5444444444444443,1,0,0,0,0,1
LookAhead,Jerk_Primitive,CVM,3,30,0,60,60,0,9.8,696,9,3.688888888888889,1,0,0,0,0,1
LookAhead,Jerk_Primitive,CVM,4,30,0,60,60,0,9.8,706,8,3.5375000000000005,1,0,0,0,0,1
LookAhead,Jerk_Primitive,CVM,0,10,0,20,20,2,29.3,716,2,8.9,1,0,0,0,0,1
LookAhead,Jerk_Primitive,CVM,1,10,0,20,20,2,13.9,373,2,7.2,0,0,1,0,0,3
LookAhead,Jerk_Primitive,CVM,2,10,0,20,20,2,30.200000000000003,754,3,4.1000000000000005,1,0,0,0,0,1
LookAhead,Jerk_Primitive,CVM,3,10,0,20,20,2,30.3,793,5,6.840000000000001,1,0,0,0,0,1
LookAhead,Jerk_Primitive,CVM,4,10,0,20,20,2,13.0,393,4,4.75,0,0,1,0,0,2
LookAhead,Jerk_Primitive,CVM,0,10,0,20,40,2,14.7,676,4,4.9,1,0,0,0,0,1
LookAhead,Jerk_Primitive,CVM,1,10,0,20,40,2,14.6,715,3,4.466666666666667,1,0,0,0,0,1
LookAhead,Jerk_Primitive,CVM,2,10,0,20,40,2,14.7,718,2,3.8,1,0,0,0,0,1
LookAhead,Jerk_Primitive,CVM,3,10,0,20,40,2,14.7,718,1,3.0,1,0,0,0,0,1
LookAhead,Jerk_Primitive,CVM,4,10,0,20,40,2,14.7,718,2,4.45,1,0,0,0,0,1
LookAhead,Jerk_Primitive,CVM,0,10,0,20,60,2,9.8,724,7,4.199999999999999,1,0,0,0,0,1
LookAhead,Jerk_Primitive,CVM,1,10,0,20,60,2,9.8,715,2,3.8,1,0,0,0,0,1
LookAhead,Jerk_Primitive,CVM,2,10,0,20,60,2,10.2,715,4,4.825,1,0,0,0,0,1
LookAhead,Jerk_Primitive,CVM,3,10,0,20,60,2,9.8,717,1,1.2000000000000002,1,0,0,0,0,1
LookAhead,Jerk_Primitive,CVM,4,10,0,20,60,2,9.8,717,2,4.65,1,0,0,0,0,1
LookAhead,Jerk_Primitive,CVM,0,10,0,40,20,2,29.3,722,4,6.25,1,0,0,0,0,1
LookAhead,Jerk_Primitive,CVM,1,10,0,40,20,2,29.1,711,6,7.866666666666667,0,0,1,0,0,3
LookAhead,Jerk_Primitive,CVM,2,10,0,40,20,2,7.1000000000000005,211,1,0.5,0,0,1,0,0,3
LookAhead,Jerk_Primitive,CVM,3,10,0,40,20,2,6.800000000000001,207,2,4.2,0,0,1,0,0,2
LookAhead,Jerk_Primitive,CVM,4,10,0,40,20,2,23.1,562,5,5.180000000000001,0,0,1,0,0,2
LookAhead,Jerk_Primitive,CVM,0,10,0,40,40,2,14.7,716,2,6.550000000000001,1,0,0,0,0,1
LookAhead,Jerk_Primitive,CVM,1,10,0,40,40,2,7.0,374,2,4.75,0,0,1,0,0,3
LookAhead,Jerk_Primitive,CVM,2,10,0,40,40,2,15.2,730,3,2.5,1,0,0,0,0,1
LookAhead,Jerk_Primitive,CVM,3,10,0,40,40,2,5.4,319,2,4.300000000000001,0,0,1,0,0,3
LookAhead,Jerk_Primitive,CVM,4,10,0,40,40,2,4.3,239,3,2.1666666666666665,0,0,1,0,0,2
LookAhead,Jerk_Primitive,CVM,0,10,0,40,60,2,9.8,716,1,5.800000000000001,1,0,0,0,0,1
LookAhead,Jerk_Primitive,CVM,1,10,0,40,60,2,9.8,717,3,3.5666666666666664,1,0,0,0,0,1
LookAhead,Jerk_Primitive,CVM,2,10,0,40,60,2,9.8,718,1,4.0,1,0,0,0,0,1
LookAhead,Jerk_Primitive,CVM,3,10,0,40,60,2,9.8,718,0,,1,0,0,0,0,1
LookAhead,Jerk_Primitive,CVM,4,10,0,40,60,2,9.8,687,4,4.65,1,0,0,0,0,1
LookAhead,Jerk_Primitive,CVM,0,10,0,60,20,2,8.4,243,2,2.75,0,0,1,0,0,3
LookAhead,Jerk_Primitive,CVM,1,10,0,60,20,2,31.0,696,11,6.227272727272728,1,0,0,0,0,1
LookAhead,Jerk_Primitive,CVM,2,10,0,60,20,2,23.0,568,7,5.171428571428572,0,0,1,0,0,2
LookAhead,Jerk_Primitive,CVM,3,10,0,60,20,2,29.3,714,12,5.658333333333334,1,0,0,0,0,1
LookAhead,Jerk_Primitive,CVM,4,10,0,60,20,2,6.6000000000000005,199,1,1.0,0,0,1,0,0,3
LookAhead,Jerk_Primitive,CVM,0,10,0,60,40,2,14.7,718,3,3.9333333333333336,1,0,0,0,0,1
LookAhead,Jerk_Primitive,CVM,1,10,0,60,40,2,2.3000000000000003,147,2,0.7500000000000001,0,0,1,0,0,2
LookAhead,Jerk_Primitive,CVM,2,10,0,60,40,2,14.7,717,2,4.6000000000000005,1,0,0,0,0,1
LookAhead,Jerk_Primitive,CVM,3,10,0,60,40,2,10.2,527,5,3.94,0,0,1,0,0,2
LookAhead,Jerk_Primitive,CVM,4,10,0,60,40,2,15.4,752,5,5.08,1,0,0,0,0,1
LookAhead,Jerk_Primitive,CVM,0,10,0,60,60,2,9.8,716,2,5.300000000000001,1,0,0,0,0,1
LookAhead,Jerk_Primitive,CVM,1,10,0,60,60,2,4.7,374,2,3.4000000000000004,0,0,1,0,0,3
LookAhead,Jerk_Primitive,CVM,2,10,0,60,60,2,10.2,720,3,2.033333333333333,1,0,0,0,0,1
LookAhead,Jerk_Primitive,CVM,3,10,0,60,60,2,3.4000000000000004,295,1,3.2,0,0,1,0,0,3
LookAhead,Jerk_Primitive,CVM,4,10,0,60,60,2,2.8000000000000003,232,3,1.3666666666666665,0,0,1,0,0,2
LookAhead,Jerk_Primitive,CVM,0,20,0,20,20,2,29.3,729,6,7.583333333333333,1,0,0,0,0,1
LookAhead,Jerk_Primitive,CVM,1,20,0,20,20,2,29.6,714,5,9.72,1,0,0,0,0,1
LookAhead,Jerk_Primitive,CVM,2,20,0,20,20,2,30.0,720,9,8.911111111111111,1,0,0,0,0,1
LookAhead,Jerk_Primitive,CVM,3,20,0,20,20,2,31.0,729,9,8.722222222222221,1,0,0,0,0,1
LookAhead,Jerk_Primitive,CVM,4,20,0,20,20,2,5.1000000000000005,145,1,2.9000000000000004,0,0,0,0,1,2
LookAhead,Jerk_Primitive,CVM,0,20,0,20,40,2,14.7,713,5,5.08,1,0,0,0,0,1
LookAhead,Jerk_Primitive,CVM,1,20,0,20,40,2,15.0,714,9,6.155555555555555,1,0,0,0,0,1
LookAhead,Jerk_Primitive,CVM,2,20,0,20,40,2,15.0,728,9,6.877777777777778,1,0,0,0,0,1
LookAhead,Jerk_Primitive,CVM,3,20,0,20,40,2,14.7,712,4,5.424999999999999,1,0,0,0,0,1
LookAhead,Jerk_Primitive,CVM,4,20,0,20,40,2,14.8,734,7,5.314285714285715,1,0,0,0,0,1
LookAhead,Jerk_Primitive,CVM,0,20,0,20,60,2,9.9,722,7,4.114285714285715,1,0,0,0,0,1
LookAhead,Jerk_Primitive,CVM,1,20,0,20,60,2,9.9,690,8,4.95,1,0,0,0,0,1
LookAhead,Jerk_Primitive,CVM,2,20,0,20,60,2,10.1,705,11,4.9,0,0,1,0,0,3
LookAhead,Jerk_Primitive,CVM,3,20,0,20,60,2,9.8,716,4,3.925,1,0,0,0,0,1
LookAhead,Jerk_Primitive,CVM,4,20,0,20,60,2,9.8,696,8,4.8375,1,0,0,0,0,1
LookAhead,Jerk_Primitive,CVM,0,20,0,40,20,2,8.0,227,2,3.25,0,0,1,0,0,2
LookAhead,Jerk_Primitive,CVM,1,20,0,40,20,2,28.200000000000003,683,7,5.371428571428572,0,0,1,0,0,2
LookAhead,Jerk_Primitive,CVM,2,20,0,40,20,2,21.9,543,10,5.31,0,0,1,0,0,2
LookAhead,Jerk_Primitive,CVM,3,20,0,40,20,2,18.8,451,8,5.300000000000001,0,0,1,0,0,2
LookAhead,Jerk_Primitive,CVM,4,20,0,40,20,2,32.2,795,9,7.077777777777778,1,0,0,0,0,1
LookAhead,Jerk_Primitive,CVM,0,20,0,40,40,2,14.7,705,7,4.914285714285716,1,0,0,0,0,1
LookAhead,Jerk_Primitive,CVM,1,20,0,40,40,2,15.0,718,5,6.56,1,0,0,0,0,1
LookAhead,Jerk_Primitive,CVM,2,20,0,40,40,2,15.1,716,9,6.5777777777777775,1,0,0,0,0,1
LookAhead,Jerk_Primitive,CVM,3,20,0,40,40,2,15.1,725,9,6.088888888888889,1,0,0,0,0,1
LookAhead,Jerk_Primitive,CVM,4,20,0,40,40,2,14.7,674,6,4.8500000000000005,1,0,0,0,0,1
LookAhead,Jerk_Primitive,CVM,0,20,0,40,60,2,7.5,561,6,2.3000000000000003,0,0,1,0,0,3
LookAhead,Jerk_Primitive,CVM,1,20,0,40,60,2,9.8,710,6,4.966666666666667,1,0,0,0,0,1
LookAhead,Jerk_Primitive,CVM,2,20,0,40,60,2,10.3,774,9,5.644444444444444,1,0,0,0,0,1
LookAhead,Jerk_Primitive,CVM,3,20,0,40,60,2,9.8,709,6,4.416666666666667,1,0,0,0,0,1
LookAhead,Jerk_Primitive,CVM,4,20,0,40,60,2,10.1,701,7,4.214285714285714,1,0,0,0,0,1
LookAhead,Jerk_Primitive,CVM,0,20,0,60,20,2,12.0,308,3,3.0,0,0,1,0,0,2
LookAhead,Jerk_Primitive,CVM,1,20,0,60,20,2,4.3,147,1,2.4000000000000004,0,0,1,0,0,3
LookAhead,Jerk_Primitive,CVM,2,20,0,60,20,2,23.8,600,15,5.173333333333333,0,0,1,0,0,2
LookAhead,Jerk_Primitive,CVM,3,20,0,60,20,2,9.5,260,6,2.566666666666667,0,0,1,0,0,2
LookAhead,Jerk_Primitive,CVM,4,20,0,60,20,2,5.0,131,3,2.1333333333333333,0,0,1,0,0,2
LookAhead,Jerk_Primitive,CVM,0,20,0,60,40,2,4.800000000000001,264,3,2.0333333333333337,0,0,1,0,0,2
LookAhead,Jerk_Primitive,CVM,1,20,0,60,40,2,11.9,616,5,2.38,0,0,1,0,0,3
LookAhead,Jerk_Primitive,CVM,2,20,0,60,40,2,2.2,131,3,1.2333333333333334,0,0,1,0,0,2
LookAhead,Jerk_Primitive,CVM,3,20,0,60,40,2,1.3,98,2,0.65,0,0,1,0,0,2
LookAhead,Jerk_Primitive,CVM,4,20,0,60,40,2,5.6000000000000005,289,6,1.1166666666666665,0,0,1,0,0,2
LookAhead,Jerk_Primitive,CVM,0,20,0,60,60,2,7.2,545,5,2.3200000000000003,0,0,1,0,0,2
LookAhead,Jerk_Primitive,CVM,1,20,0,60,60,2,2.1,178,2,1.1,0,0,1,0,0,2
LookAhead,Jerk_Primitive,CVM,2,20,0,60,60,2,3.3000000000000003,256,6,1.9666666666666668,0,0,1,0,0,2
LookAhead,Jerk_Primitive,CVM,3,20,0,60,60,2,10.1,705,9,4.533333333333333,1,0,0,0,0,1
LookAhead,Jerk_Primitive,CVM,4,20,0,60,60,2,9.8,674,6,3.733333333333334,1,0,0,0,0,1
LookAhead,Jerk_Primitive,CVM,0,30,0,20,20,2,29.3,678,5,7.540000000000001,1,0,0,0,0,1
LookAhead,Jerk_Primitive,CVM,1,30,0,20,20,2,29.0,702,13,6.630769230769231,0,0,0,0,1,2
LookAhead,Jerk_Primitive,CVM,2,30,0,20,20,2,29.6,708,9,7.7444444444444445,1,0,0,0,0,1
LookAhead,Jerk_Primitive,CVM,3,30,0,20,20,2,30.1,714,9,7.511111111111112,1,0,0,0,0,1
LookAhead,Jerk_Primitive,CVM,4,30,0,20,20,2,28.8,711,8,7.775,0,0,1,0,0,3
LookAhead,Jerk_Primitive,CVM,0,30,0,20,40,2,14.7,710,11,5.0,1,0,0,0,0,1
LookAhead,Jerk_Primitive,CVM,1,30,0,20,40,2,14.8,727,8,5.425000000000001,1,0,0,0,0,1
LookAhead,Jerk_Primitive,CVM,2,30,0,20,40,2,15.3,744,14,6.15,1,0,0,0,0,1
LookAhead,Jerk_Primitive,CVM,3,30,0,20,40,2,14.8,717,8,5.0625,1,0,0,0,0,1
LookAhead,Jerk_Primitive,CVM,4,30,0,20,40,2,15.4,722,9,5.488888888888889,1,0,0,0,0,1
LookAhead,Jerk_Primitive,CVM,0,30,0,20,60,2,10.2,759,14,4.614285714285715,1,0,0,0,0,1
LookAhead,Jerk_Primitive,CVM,1,30,0,20,60,2,9.8,680,7,4.742857142857143,1,0,0,0,0,1
LookAhead,Jerk_Primitive,CVM,2,30,0,20,60,2,10.4,713,13,5.023076923076923,1,0,0,0,0,1
LookAhead,Jerk_Primitive,CVM,3,30,0,20,60,2,9.8,710,5,5.0200000000000005,1,0,0,0,0,1
LookAhead,Jerk_Primitive,CVM,4,30,0,20,60,2,9.8,702,8,5.8125,1,0,0,0,0,1
LookAhead,Jerk_Primitive,CVM,0,30,0,40,20,2,22.6,587,9,5.9,0,0,1,0,0,3
LookAhead,Jerk_Primitive,CVM,1,30,0,40,20,2,11.6,307,8,4.612500000000001,0,0,1,0,0,2
LookAhead,Jerk_Primitive,CVM,2,30,0,40,20,2,2.0,93,2,1.55,0,0,1,0,0,2
LookAhead,Jerk_Primitive,CVM,3,30,0,40,20,2,3.8,131,2,2.5500000000000003,0,0,1,0,0,3
LookAhead,Jerk_Primitive,CVM,4,30,0,40,20,2,22.5,554,14,4.692857142857143,0,0,1,0,0,3
LookAhead,Jerk_Primitive,CVM,0,30,0,40,40,2,7.2,385,3,3.6,0,0,1,0,0,3
LookAhead,Jerk_Primitive,CVM,1,30,0,40,40,2,14.1,694,12,4.458333333333334,0,0,1,0,0,2
LookAhead,Jerk_Primitive,CVM,2,30,0,40,40,2,16.8,794,12,5.741666666666667,1,0,0,0,0,1
LookAhead,Jerk_Primitive,CVM,3,30,0,40,40,2,14.7,739,10,4.9,0,0,1,0,0,3
LookAhead,Jerk_Primitive,CVM,4,30,0,40,40,2,14.6,683,8,5.15,1,0,0,0,0,1
LookAhead,Jerk_Primitive,CVM,0,30,0,40,60,2,10.2,736,7,4.442857142857143,1,0,0,0,0,1
LookAhead,Jerk_Primitive,CVM,1,30,0,40,60,2,10.5,731,11,4.545454545454546,1,0,0,0,0,1
LookAhead,Jerk_Primitive,CVM,2,30,0,40,60,2,10.2,710,10,4.62,1,0,0,0,0,1
LookAhead,Jerk_Primitive,CVM,3,30,0,40,60,2,10.0,720,10,3.81,1,0,0,0,0,1
LookAhead,Jerk_Primitive,CVM,4,30,0,40,60,2,11.4,735,9,5.1000000000000005,1,0,0,0,0,1
LookAhead,Jerk_Primitive,CVM,0,30,0,60,20,2,13.8,363,11,4.336363636363637,0,0,1,0,0,2
LookAhead,Jerk_Primitive,CVM,1,30,0,60,20,2,11.8,319,10,4.130000000000001,0,0,1,0,0,2
LookAhead,Jerk_Primitive,CVM,2,30,0,60,20,2,1.5,83,3,0.8666666666666667,0,0,1,0,0,2
LookAhead,Jerk_Primitive,CVM,3,30,0,60,20,2,4.5,130,4,2.5500000000000003,0,0,1,0,0,2
LookAhead,Jerk_Primitive,CVM,4,30,0,60,20,2,8.1,229,7,2.985714285714286,0,0,1,0,0,2
LookAhead,Jerk_Primitive,CVM,0,30,0,60,40,2,2.6,160,2,1.4500000000000002,0,0,1,0,0,2
LookAhead,Jerk_Primitive,CVM,1,30,0,60,40,2,1.5,109,1,0.3,0,0,1,0,0,2
LookAhead,Jerk_Primitive,CVM,2,30,0,60,40,2,1.2000000000000002,83,3,0.7666666666666666,0,0,1,0,0,2
LookAhead,Jerk_Primitive,CVM,3,30,0,60,40,2,1.9,130,2,0.95,0,0,1,0,0,2
LookAhead,Jerk_Primitive,CVM,4,30,0,60,40,2,14.7,714,9,3.588888888888889,1,0,0,0,0,1
LookAhead,Jerk_Primitive,CVM,0,30,0,60,60,2,9.8,712,5,4.660000000000001,1,0,0,0,0,1
LookAhead,Jerk_Primitive,CVM,1,30,0,60,60,2,2.9000000000000004,224,5,1.26,0,0,1,0,0,2
LookAhead,Jerk_Primitive,CVM,2,30,0,60,60,2,2.1,168,5,1.34,0,0,1,0,0,2
LookAhead,Jerk_Primitive,CVM,3,30,0,60,60,2,9.8,712,10,3.67,1,0,0,0,0,1
LookAhead,Jerk_Primitive,CVM,4,30,0,60,60,2,9.8,683,8,4.0375,1,0,0,0,0,1
