Method,Planner,Number of agents,Number of pillars,Agent speed,Drone speed,Steps,Grid discovered,Agent tracked,Agent tracked time,Success,Static Collision,Dynamic Collision
NoControl,Primitive,5,0,55,20,86,293,2,14.0,0,0,1
NoControl,Primitive,5,0,55,20,241,805,8,21.0,1,0,0
NoControl,Primitive,5,0,55,20,259,613,6,19.61111111111111,1,0,0
NoControl,Primitive,5,0,55,20,295,466,6,20.25,1,0,0
NoControl,Primitive,5,0,55,20,586,863,6,17.714285714285715,1,0,0
NoControl,Primitive,5,0,55,20,254,658,5,21.818181818181817,1,0,0
NoControl,Primitive,5,0,55,20,201,516,4,21.6,1,0,0
NoControl,Primitive,5,0,55,20,249,412,0,0.0,1,0,0
NoControl,Primitive,5,0,55,20,310,725,6,27.666666666666668,1,0,0
NoControl,Primitive,5,0,55,20,250,594,1,26.857142857142858,1,0,0
NoControl,Primitive,5,0,55,20,216,173,5,25.25,0,0,1
NoControl,Primitive,5,0,55,20,132,397,1,2.0,1,0,0
NoControl,Primitive,5,0,55,20,103,31,3,28.0,0,0,1
NoControl,Primitive,5,0,55,20,132,397,5,28.5,1,0,0
NoControl,Primitive,5,0,55,20,292,772,11,19.666666666666668,1,0,0
NoControl,Primitive,5,0,55,20,276,806,6,23.5,1,0,0
NoControl,Primitive,5,0,55,20,331,644,8,27.307692307692307,1,0,0
NoControl,Primitive,5,0,55,20,183,50,7,26.55555555555556,0,0,1
NoControl,Primitive,5,0,55,20,296,396,5,35.0,1,0,0
NoControl,Primitive,5,0,55,20,270,299,4,37.0,1,0,0
NoControl,Primitive,5,0,55,20,117,307,1,15.0,0,0,1
NoControl,Primitive,5,0,55,20,87,347,2,12.5,0,0,1
NoControl,Primitive,5,0,55,20,180,397,2,30.0,1,0,0
NoControl,Primitive,5,0,55,20,74,16,3,23.5,0,0,1
NoControl,Primitive,5,0,55,20,241,815,6,35.4,1,0,0
NoControl,Primitive,5,0,55,20,291,659,8,33.69230769230769,1,0,0
NoControl,Primitive,5,0,55,20,323,384,2,20.0,0,0,1
NoControl,Primitive,5,0,55,20,241,805,8,25.428571428571427,1,0,0
NoControl,Primitive,5,0,55,20,376,685,11,24.57894736842105,1,0,0
NoControl,Primitive,5,0,55,20,374,412,3,8.0,1,0,0
NoControl,Primitive,5,0,55,20,215,412,3,24.0,1,0,0
NoControl,Primitive,5,0,55,20,282,818,6,24.33333333333333,1,0,0
NoControl,Primitive,5,0,55,20,11,10,0,27.5,0,0,1
NoControl,Primitive,5,0,55,20,140,503,2,22.5,0,0,1
NoControl,Primitive,5,0,55,20,236,818,4,12.0,1,0,0
NoControl,Primitive,5,0,55,20,240,818,2,25.0,1,0,0
NoControl,Primitive,5,0,55,20,212,279,5,18.22222222222222,1,0,0
NoControl,Primitive,5,0,55,20,252,264,6,22.384615384615383,1,0,0
NoControl,Primitive,5,0,55,20,64,120,4,25.9375,0,0,1
NoControl,Primitive,5,0,55,20,435,199,3,16.0,0,0,1
NoControl,Primitive,5,0,55,20,231,813,3,41.0,1,0,0
NoControl,Primitive,5,0,55,20,299,684,3,32.2,1,0,0
NoControl,Jerk_Primitive,5,0,55,20,194,811,7,27.33333333333333,1,0,0
NoControl,Jerk_Primitive,5,0,55,20,252,637,6,26.08333333333333,1,0,0
NoControl,Jerk_Primitive,5,0,55,20,201,210,3,26.142857142857142,1,0,0
NoControl,Jerk_Primitive,5,0,55,20,255,380,5,24.31578947368421,1,0,0
NoControl,Jerk_Primitive,5,0,55,20,99,345,0,0.0,1,0,0
NoControl,Jerk_Primitive,5,0,55,20,202,337,3,25.5,1,0,0
NoControl,Jerk_Primitive,5,0,55,20,114,345,1,7.0,1,0,0
NoControl,Jerk_Primitive,5,0,55,20,184,528,2,13.333333333333334,1,0,0
NoControl,Jerk_Primitive,5,0,55,20,289,814,4,31.666666666666668,1,0,0
NoControl,Jerk_Primitive,5,0,55,20,288,343,3,21.0,1,0,0
NoControl,Jerk_Primitive,5,0,55,20,265,807,5,30.0,1,0,0
NoControl,Jerk_Primitive,5,0,55,20,166,407,5,26.5,1,0,0
NoControl,Jerk_Primitive,5,0,55,20,251,502,3,24.53846153846154,1,0,0
NoControl,Jerk_Primitive,5,0,55,20,197,813,6,26.4,1,0,0
NoControl,Jerk_Primitive,5,0,55,20,263,631,5,23.4,1,0,0
NoControl,Jerk_Primitive,5,0,55,20,166,435,1,26.545454545454547,1,0,0
NoControl,Jerk_Primitive,5,0,55,20,339,345,2,6.333333333333333,1,0,0
NoControl,Jerk_Primitive,5,0,55,20,164,496,2,16.6,1,0,0
NoControl,Jerk_Primitive,5,0,55,20,198,606,1,16.166666666666668,1,0,0
NoControl,Jerk_Primitive,5,0,55,20,188,345,3,30.5,1,0,0
NoControl,Jerk_Primitive,5,0,55,20,164,496,0,30.5,1,0,0
NoControl,Jerk_Primitive,5,0,55,20,250,843,4,19.857142857142858,1,0,0
NoControl,Jerk_Primitive,5,0,55,20,166,435,3,19.8,1,0,0
NoControl,Jerk_Primitive,5,0,55,20,221,344,2,23.5,1,0,0
NoControl,Jerk_Primitive,5,0,55,20,184,585,7,23.5,1,0,0
NoControl,Jerk_Primitive,5,0,55,20,197,591,3,23.0,1,0,0
NoControl,Jerk_Primitive,5,0,55,20,192,345,2,21.0,1,0,0
NoControl,Jerk_Primitive,5,0,55,20,164,496,1,25.5,1,0,0
NoControl,Jerk_Primitive,5,0,55,20,251,842,3,22.8,1,0,0
NoControl,Jerk_Primitive,5,0,55,20,180,472,2,24.857142857142858,1,0,0
NoControl,Jerk_Primitive,5,0,55,20,194,818,4,23.4,1,0,0
NoControl,Jerk_Primitive,5,0,55,20,137,345,1,36.0,1,0,0
NoControl,Jerk_Primitive,5,0,55,20,253,808,2,28.0,1,0,0
NoControl,Jerk_Primitive,5,0,55,20,253,646,1,26.33333333333333,1,0,0
NoControl,Jerk_Primitive,5,0,55,20,172,110,4,18.857142857142858,0,0,1
NoControl,Jerk_Primitive,5,0,55,20,99,342,2,12.0,1,0,0
NoControl,Jerk_Primitive,5,0,55,20,257,815,9,23.363636363636363,1,0,0
NoControl,Jerk_Primitive,5,0,55,20,346,801,4,23.0,1,0,0
NoControl,Jerk_Primitive,5,0,55,20,166,377,5,28.55555555555556,1,0,0
NoControl,Jerk_Primitive,5,0,55,20,219,345,1,20.0,1,0,0
NoControl,Jerk_Primitive,5,0,55,20,312,799,3,24.25,1,0,0
NoControl,Jerk_Primitive,5,0,55,20,150,345,5,22.0,1,0,0
NoControl,Jerk_Primitive,5,0,55,20,8,17,0,23.75,0,0,1
NoControl,Jerk_Primitive,5,0,55,20,189,800,4,18.25,1,0,0
NoControl,Jerk_Primitive,5,0,55,20,201,571,5,21.33333333333333,1,0,0
NoControl,Jerk_Primitive,5,0,55,20,264,469,4,25.615384615384617,1,0,0
NoControl,Jerk_Primitive,5,0,55,20,204,248,2,24.642857142857142,0,0,1
NoControl,Jerk_Primitive,5,0,55,20,116,345,2,33.0,1,0,0
NoControl,Jerk_Primitive,5,0,55,20,164,497,6,16.5,1,0,0
NoControl,MPC,5,0,55,20,121,366,2,3.0,1,0,0
NoControl,MPC,5,0,55,20,16,18,1,18.0,0,0,1
NoControl,MPC,5,0,55,20,103,442,2,21.0,0,0,1
NoControl,MPC,5,0,55,20,97,445,2,16.5,0,0,1
NoControl,MPC,5,0,55,20,99,341,4,17.666666666666668,0,0,1
NoControl,MPC,5,0,55,20,209,807,2,22.0,1,0,0
NoControl,MPC,5,0,55,20,174,326,1,25.33333333333333,1,0,0
NoControl,MPC,5,0,55,20,261,812,4,37.25,1,0,0
NoControl,MPC,5,0,55,20,170,366,1,9.0,1,0,0
NoControl,MPC,5,0,55,20,208,311,2,32.333333333333336,1,0,0
NoControl,MPC,5,0,55,20,312,807,4,17.25,1,0,0
NoControl,MPC,5,0,55,20,260,584,6,24.11111111111111,1,0,0
NoControl,MPC,5,0,55,20,174,449,3,24.33333333333333,1,0,0
NoControl,MPC,5,0,55,20,84,125,1,23.307692307692307,0,0,1
NoControl,MPC,5,0,55,20,108,366,1,12.0,1,0,0
NoControl,MPC,5,0,55,20,132,301,5,33.5,0,0,1
NoControl,MPC,5,0,55,20,209,807,3,21.33333333333333,1,0,0
NoControl,MPC,5,0,55,20,94,120,1,19.25,0,0,1
NoControl,MPC,5,0,55,20,284,806,4,14.75,1,0,0
NoControl,MPC,5,0,55,20,73,166,3,20.625,0,0,1
NoControl,MPC,5,0,55,20,95,326,3,20.5,0,0,1
NoControl,MPC,5,0,55,20,213,803,2,30.5,1,0,0
NoControl,MPC,5,0,55,20,141,523,4,16.6,0,0,1
NoControl,MPC,5,0,55,20,108,365,1,16.0,1,0,0
NoControl,MPC,5,0,55,20,139,365,2,25.0,1,0,0
NoControl,MPC,5,0,55,20,68,25,3,9.8,0,0,1
NoControl,MPC,5,0,55,20,82,374,4,14.5,0,0,1
NoControl,MPC,5,0,55,20,108,366,1,10.0,1,0,0
NoControl,MPC,5,0,55,20,170,676,5,15.0,0,0,1
NoControl,MPC,5,0,55,20,209,807,2,25.0,1,0,0
NoControl,MPC,5,0,55,20,253,767,5,24.0,0,0,1
NoControl,MPC,5,0,55,20,306,632,3,21.0,0,0,1
NoControl,MPC,5,0,55,20,36,211,1,14.0,0,0,1
NoControl,MPC,5,0,55,20,108,366,2,32.0,1,0,0
NoControl,MPC,5,0,55,20,186,530,2,28.33333333333333,1,0,0
NoControl,MPC,5,0,55,20,259,760,5,27.5,1,0,0
NoControl,MPC,5,0,55,20,172,450,1,27.33333333333333,1,0,0
NoControl,MPC,5,0,55,20,209,807,3,14.75,1,0,0
NoControl,MPC,5,0,55,20,110,158,2,14.5,0,0,1
NoControl,MPC,5,0,55,20,113,377,4,23.5,1,0,0
NoControl,MPC,5,0,55,20,209,300,0,23.5,1,0,0
NoControl,MPC,5,0,55,20,243,803,6,19.285714285714285,1,0,0
NoControl,MPC,5,0,55,20,5,1,0,20.428571428571427,0,0,1
NoControl,MPC,5,0,55,20,49,220,2,23.0,0,0,1
NoControl,MPC,5,0,55,20,194,376,6,23.0,1,0,0
NoControl,MPC,5,0,55,20,355,365,0,0.0,1,0,0
NoControl,MPC,5,0,55,20,263,775,7,27.666666666666668,1,0,0
NoControl,MPC,5,0,55,20,175,438,3,24.8,1,0,0
NoControl,MPC,5,0,55,20,269,518,9,27.23529411764705,1,0,0
NoControl,MPC,5,0,55,20,209,808,2,23.0,1,0,0
NoControl,MPC,5,0,55,20,174,329,6,22.0,1,0,0
NoControl,MPC,5,0,55,20,81,250,3,24.5,0,0,1
NoControl,MPC,5,0,55,20,260,807,5,17.0,1,0,0
NoControl,MPC,5,0,55,20,211,580,2,20.22222222222222,1,0,0
NoControl,MPC,5,0,55,20,172,497,1,18.5,1,0,0
NoControl,MPC,5,0,55,20,208,258,4,15.25,1,0,0
NoControl,MPC,5,0,55,20,112,471,2,7.0,0,0,1
NoControl,MPC,5,0,55,20,209,808,5,26.4,1,0,0
NoControl,MPC,5,0,55,20,378,807,6,21.6,1,0,0
NoControl,Primitive,5,5,55,20,413,821,4,23.25,1,0,0
NoControl,Primitive,5,5,55,20,300,603,5,22.33333333333333,1,0,0
NoControl,Primitive,5,5,55,20,100,164,2,22.09090909090909,0,0,1
NoControl,Primitive,5,5,55,20,132,413,2,54.0,1,0,0
NoControl,Primitive,5,5,55,20,307,728,4,28.0,1,0,0
NoControl,Primitive,5,5,55,20,422,808,5,29.2,1,0,0
NoControl,Primitive,5,5,55,20,412,808,7,21.11111111111111,1,0,0
NoControl,Primitive,5,5,55,20,349,773,3,21.53846153846154,1,0,0
NoControl,Primitive,5,5,55,20,272,390,5,24.5,1,0,0
NoControl,Primitive,5,5,55,20,146,402,0,0.0,1,0,0
NoControl,Primitive,5,5,55,20,266,817,5,29.0,1,0,0
NoControl,Primitive,5,5,55,20,251,349,5,30.727272727272727,1,0,0
NoControl,Primitive,5,5,55,20,534,836,5,17.4,1,0,0
NoControl,Primitive,5,5,55,20,263,609,5,26.77777777777778,1,0,0
NoControl,Primitive,5,5,55,20,201,536,2,25.63636363636364,1,0,0
NoControl,Primitive,5,5,55,20,142,66,3,25.75,0,0,1
NoControl,Primitive,5,5,55,20,236,817,4,31.33333333333333,1,0,0
NoControl,Primitive,5,5,55,20,296,625,7,19.76923076923077,1,0,0
NoControl,Primitive,5,5,55,20,258,177,3,20.466666666666665,1,0,0
NoControl,Primitive,5,5,55,20,372,398,3,28.0,1,0,0
NoControl,Primitive,5,5,55,20,315,769,9,26.63636363636364,1,0,0
NoControl,Primitive,5,5,55,20,255,547,5,27.666666666666668,0,0,1
NoControl,Primitive,5,5,55,20,140,401,3,16.0,1,0,0
NoControl,Primitive,5,5,55,20,173,412,3,31.5,1,0,0
NoControl,Primitive,5,5,55,20,22,0,1,1.0,0,0,1
NoControl,Primitive,5,5,55,20,243,811,4,28.5,1,0,0
NoControl,Primitive,5,5,55,20,187,442,3,22.0,1,0,0
NoControl,Primitive,5,5,55,20,510,813,3,16.0,1,0,0
NoControl,Primitive,5,5,55,20,342,745,4,25.428571428571427,1,0,0
NoControl,Primitive,5,5,55,20,330,412,6,31.5,1,0,0
NoControl,Primitive,5,5,55,20,199,515,2,29.5,1,0,0
NoControl,Primitive,5,5,55,20,329,768,5,28.454545454545453,1,0,0
NoControl,Primitive,5,5,55,20,196,421,5,29.3125,1,0,0
NoControl,Primitive,5,5,55,20,132,397,1,1.0,1,0,0
NoControl,Primitive,5,5,55,20,198,525,6,26.166666666666668,1,0,0
NoControl,Primitive,5,5,55,20,307,745,7,21.0,0,0,1
NoControl,Primitive,5,5,55,20,252,822,2,19.0,1,0,0
NoControl,Jerk_Primitive,5,5,55,20,188,802,4,20.0,1,0,0
NoControl,Jerk_Primitive,5,5,55,20,387,803,4,19.0,1,0,0
NoControl,Jerk_Primitive,5,5,55,20,261,640,6,26.09090909090909,1,0,0
NoControl,Jerk_Primitive,5,5,55,20,190,425,5,25.8125,1,0,0
NoControl,Jerk_Primitive,5,5,55,20,252,348,3,25.94736842105263,1,0,0
NoControl,Jerk_Primitive,5,5,55,20,99,345,2,24.0,1,0,0
NoControl,Jerk_Primitive,5,5,55,20,177,361,6,24.0,1,0,0
NoControl,Jerk_Primitive,5,5,55,20,167,502,11,22.071428571428573,1,0,0
NoControl,Jerk_Primitive,5,5,55,20,219,648,7,22.8,1,0,0
NoControl,Jerk_Primitive,5,5,55,20,168,465,7,23.07407407407408,1,0,0
NoControl,Jerk_Primitive,5,5,55,20,18,163,2,16.0,0,0,1
NoControl,Jerk_Primitive,5,5,55,20,99,347,0,0.0,1,0,0
NoControl,Jerk_Primitive,5,5,55,20,167,509,3,21.666666666666668,1,0,0
NoControl,Jerk_Primitive,5,5,55,20,199,592,1,16.5,1,0,0
NoControl,Jerk_Primitive,5,5,55,20,164,507,3,21.571428571428573,1,0,0
NoControl,Jerk_Primitive,5,5,55,20,105,337,2,10.0,1,0,0
NoControl,Jerk_Primitive,5,5,55,20,261,808,6,27.125,1,0,0
NoControl,Jerk_Primitive,5,5,55,20,173,451,2,28.3,1,0,0
NoControl,Jerk_Primitive,5,5,55,20,250,525,4,26.928571428571427,1,0,0
NoControl,Jerk_Primitive,5,5,55,20,99,344,3,15.5,1,0,0
NoControl,Jerk_Primitive,5,5,55,20,206,319,7,20.571428571428573,1,0,0
NoControl,Jerk_Primitive,5,5,55,20,187,530,7,29.785714285714285,1,0,0
NoControl,Jerk_Primitive,5,5,55,20,199,595,3,29.58823529411765,1,0,0
NoControl,Jerk_Primitive,5,5,55,20,367,809,5,18.5,1,0,0
NoControl,Jerk_Primitive,5,5,55,20,172,391,2,21.75,1,0,0
NoControl,Jerk_Primitive,5,5,55,20,266,547,6,25.53846153846154,1,0,0
NoControl,Jerk_Primitive,5,5,55,20,166,430,4,21.705882352941178,1,0,0
NoControl,Jerk_Primitive,5,5,55,20,188,809,3,10.75,1,0,0
NoControl,Jerk_Primitive,5,5,55,20,251,627,5,13.0,1,0,0
NoControl,Jerk_Primitive,5,5,55,20,167,438,2,14.090909090909092,1,0,0
NoControl,Jerk_Primitive,5,5,55,20,250,349,4,16.866666666666667,1,0,0
NoControl,Jerk_Primitive,5,5,55,20,64,225,2,14.0,0,0,1
NoControl,Jerk_Primitive,5,5,55,20,189,801,4,48.0,1,0,0
NoControl,Jerk_Primitive,5,5,55,20,200,559,7,34.0,1,0,0
NoControl,Jerk_Primitive,5,5,55,20,172,552,4,33.42857142857143,1,0,0
NoControl,Jerk_Primitive,5,5,55,20,200,238,1,32.6,1,0,0
NoControl,Jerk_Primitive,5,5,55,20,418,790,2,18.0,1,0,0
NoControl,Jerk_Primitive,5,5,55,20,208,581,9,19.307692307692307,1,0,0
NoControl,Jerk_Primitive,5,5,55,20,250,453,1,18.066666666666663,1,0,0
NoControl,Jerk_Primitive,5,5,55,20,200,251,2,18.23529411764705,1,0,0
NoControl,Jerk_Primitive,5,5,55,20,188,797,2,25.5,1,0,0
NoControl,Jerk_Primitive,5,5,55,20,251,636,2,23.5,1,0,0
NoControl,Jerk_Primitive,5,5,55,20,201,208,1,20.2,1,0,0
NoControl,Jerk_Primitive,5,5,55,20,254,376,4,23.444444444444443,1,0,0
NoControl,Jerk_Primitive,5,5,55,20,100,345,4,29.0,1,0,0
NoControl,Jerk_Primitive,5,5,55,20,168,527,5,27.75,1,0,0
NoControl,Jerk_Primitive,5,5,55,20,256,803,3,25.545454545454547,1,0,0
NoControl,Jerk_Primitive,5,5,55,20,166,451,4,24.0,1,0,0
NoControl,Jerk_Primitive,5,5,55,20,99,346,3,23.0,1,0,0
NoControl,Jerk_Primitive,5,5,55,20,115,315,3,18.0,0,0,1
NoControl,Jerk_Primitive,5,5,55,20,201,837,4,14.5,1,0,0
NoControl,MPC,5,5,55,20,8,126,1,8.0,0,0,1
NoControl,MPC,5,5,55,20,111,364,2,50.0,1,0,0
NoControl,MPC,5,5,55,20,88,31,3,21.0,0,0,1
NoControl,MPC,5,5,55,20,211,803,8,35.4,1,0,0
NoControl,MPC,5,5,55,20,241,811,4,28.25,1,0,0
NoControl,MPC,5,5,55,20,259,570,4,21.375,1,0,0
NoControl,MPC,5,5,55,20,28,30,0,22.125,0,1,0
NoControl,MPC,5,5,55,20,210,804,5,20.166666666666668,1,0,0
NoControl,MPC,5,5,55,20,175,337,1,20.571428571428573,1,0,0
NoControl,MPC,5,5,55,20,208,268,3,23.22222222222222,1,0,0
NoControl,MPC,5,5,55,20,172,515,1,23.9,1,0,0
NoControl,MPC,5,5,55,20,108,371,1,27.0,1,0,0
NoControl,MPC,5,5,55,20,174,204,1,20.5,0,0,1
NoControl,MPC,5,5,55,20,219,796,2,11.666666666666666,1,0,0
NoControl,MPC,5,5,55,20,142,260,4,15.0,0,0,1
NoControl,MPC,5,5,55,20,216,810,7,36.16666666666666,1,0,0
NoControl,MPC,5,5,55,20,49,36,1,32.714285714285715,0,0,1
NoControl,MPC,5,5,55,20,209,802,5,15.666666666666666,1,0,0
NoControl,MPC,5,5,55,20,278,558,2,17.88888888888889,1,0,0
NoControl,MPC,5,5,55,20,27,6,0,17.88888888888889,0,1,0
NoControl,MPC,5,5,55,20,108,365,3,27.0,1,0,0
NoControl,MPC,5,5,55,20,74,24,5,26.0,0,0,1
NoControl,MPC,5,5,55,20,108,366,3,15.0,1,0,0
NoControl,MPC,5,5,55,20,177,355,0,0.0,1,0,0
NoControl,MPC,5,5,55,20,127,106,1,19.0,0,0,1
NoControl,MPC,5,5,55,20,49,222,3,12.0,0,0,1
NoControl,MPC,5,5,55,20,20,147,3,19.0,0,0,1
NoControl,MPC,5,5,55,20,315,807,5,27.8,1,0,0
NoControl,MPC,5,5,55,20,173,329,4,27.77777777777778,1,0,0
NoControl,MPC,5,5,55,20,110,21,2,23.727272727272727,0,0,1
NoControl,MPC,5,5,55,20,111,369,2,53.0,1,0,0
NoControl,MPC,5,5,55,20,281,802,1,23.0,1,0,0
NoControl,MPC,5,5,55,20,84,69,1,18.5,0,0,1
NoControl,MPC,5,5,55,20,190,365,0,0.0,1,0,0
NoControl,MPC,5,5,55,20,208,312,8,26.75,1,0,0
NoControl,MPC,5,5,55,20,9,3,0,28.75,0,0,1
NoControl,MPC,5,5,55,20,211,807,4,9.8,1,0,0
NoControl,MPC,5,5,55,20,13,18,0,12.2,0,0,1
NoControl,MPC,5,5,55,20,108,365,0,0.0,1,0,0
NoControl,MPC,5,5,55,20,158,412,6,24.0,0,0,1
NoControl,MPC,5,5,55,20,146,366,0,0.0,1,0,0
NoControl,MPC,5,5,55,20,209,314,3,16.333333333333332,1,0,0
NoControl,MPC,5,5,55,20,271,725,6,24.666666666666668,1,0,0
NoControl,MPC,5,5,55,20,81,129,1,8.0,0,0,1
NoControl,MPC,5,5,55,20,149,615,4,17.0,0,0,1
NoControl,MPC,5,5,55,20,224,805,3,30.0,1,0,0
NoControl,MPC,5,5,55,20,234,508,5,25.25,0,0,1
NoControl,MPC,5,5,55,20,108,365,0,0.0,1,0,0
NoControl,MPC,5,5,55,20,207,312,8,21.75,1,0,0
NoControl,MPC,5,5,55,20,311,365,0,0.0,1,0,0
NoControl,MPC,5,5,55,20,175,498,9,20.6,1,0,0
NoControl,MPC,5,5,55,20,73,101,1,21.181818181818183,0,0,1
NoControl,MPC,5,5,55,20,111,360,2,22.0,1,0,0
NoControl,MPC,5,5,55,20,5,0,0,24.0,0,0,1
NoControl,MPC,5,5,55,20,191,733,1,16.0,0,0,1
NoControl,MPC,5,5,55,20,209,364,2,26.0,1,0,0
NoControl,MPC,5,5,55,20,131,358,4,18.8,0,0,1
NoControl,MPC,5,5,55,20,42,196,2,14.0,0,0,1
NoControl,MPC,5,5,55,20,96,340,1,20.0,0,0,1
NoControl,MPC,5,5,55,20,215,795,5,25.2,1,0,0
NoControl,MPC,5,5,55,20,69,64,1,22.83333333333333,0,0,1
NoControl,MPC,5,5,55,20,222,786,3,27.666666666666668,1,0,0
NoControl,MPC,5,5,55,20,121,312,2,23.4,0,0,1
NoControl,MPC,5,5,55,20,214,810,3,24.666666666666668,1,0,0
NoControl,MPC,5,5,55,20,139,365,0,0.0,1,0,0
NoControl,MPC,5,5,55,20,180,530,3,27.33333333333333,1,0,0
NoControl,Primitive,5,10,55,20,131,394,1,25.0,1,0,0
NoControl,Primitive,5,10,55,20,269,279,9,25.0,1,0,0
NoControl,Primitive,5,10,55,20,214,563,2,23.63636363636364,1,0,0
NoControl,Primitive,5,10,55,20,205,345,3,27.0,0,0,1
NoControl,Primitive,5,10,55,20,226,722,4,25.0,0,0,1
NoControl,Primitive,5,10,55,20,132,397,3,30.666666666666668,1,0,0
NoControl,Primitive,5,10,55,20,229,536,5,32.857142857142854,1,0,0
NoControl,Primitive,5,10,55,20,138,434,2,24.0,0,0,1
NoControl,Primitive,5,10,55,20,334,393,2,2.5,1,0,0
NoControl,Primitive,5,10,55,20,326,763,10,22.384615384615383,1,0,0
NoControl,Primitive,5,10,55,20,158,357,4,21.294117647058822,0,0,1
NoControl,Primitive,5,10,55,20,145,385,1,17.0,1,0,0
NoControl,Primitive,5,10,55,20,368,801,4,37.0,1,0,0
NoControl,Primitive,5,10,55,20,107,55,1,30.0,0,0,1
NoControl,Primitive,5,10,55,20,132,412,1,16.0,1,0,0
NoControl,Primitive,5,10,55,20,88,12,4,17.25,0,0,1
NoControl,Primitive,5,10,55,20,57,211,2,13.0,0,0,1
NoControl,Primitive,5,10,55,20,134,379,2,22.0,0,0,1
NoControl,Primitive,5,10,55,20,132,412,2,9.5,1,0,0
NoControl,Primitive,5,10,55,20,237,285,4,27.25,1,0,0
NoControl,Primitive,5,10,55,20,315,778,5,21.444444444444443,1,0,0
NoControl,Primitive,5,10,55,20,174,334,6,23.642857142857142,0,0,1
NoControl,Primitive,5,10,55,20,132,392,2,22.5,1,0,0
NoControl,Primitive,5,10,55,20,285,445,2,35.0,1,0,0
NoControl,Primitive,5,10,55,20,154,73,2,20.0,0,0,1
NoControl,Primitive,5,10,55,20,132,409,2,42.0,1,0,0
NoControl,Primitive,5,10,55,20,556,791,5,26.75,1,0,0
NoControl,Primitive,5,10,55,20,217,383,1,28.2,1,0,0
NoControl,Primitive,5,10,55,20,186,127,3,30.571428571428573,0,0,1
NoControl,Primitive,5,10,55,20,47,186,2,20.0,0,0,1
NoControl,Primitive,5,10,55,20,239,801,2,27.0,1,0,0
NoControl,Primitive,5,10,55,20,296,605,6,24.625,1,0,0
NoControl,Primitive,5,10,55,20,10,0,0,25.75,0,0,1
NoControl,Primitive,5,10,55,20,132,407,4,6.833333333333333,1,0,0
NoControl,Primitive,5,10,55,20,213,555,3,13.333333333333334,1,0,0
NoControl,Primitive,5,10,55,20,321,845,4,18.23076923076923,1,0,0
NoControl,Primitive,5,10,55,20,207,419,26,17.736842105263158,1,0,0
NoControl,Primitive,5,10,55,20,132,390,1,32.0,1,0,0
NoControl,Primitive,5,10,55,20,277,399,3,27.0,1,0,0
NoControl,Primitive,5,10,55,20,198,513,5,25.714285714285715,1,0,0
NoControl,Primitive,5,10,55,20,127,302,5,26.90909090909091,0,0,1
NoControl,Primitive,5,10,55,20,132,391,5,14.0,1,0,0
NoControl,Primitive,5,10,55,20,447,397,4,21.25,1,0,0
NoControl,Primitive,5,10,55,20,253,297,6,24.11111111111111,1,0,0
NoControl,Primitive,5,10,55,20,347,735,4,26.692307692307693,1,0,0
NoControl,Primitive,5,10,55,20,138,192,4,27.47058823529412,0,0,1
NoControl,Primitive,5,10,55,20,580,807,5,26.2,1,0,0
NoControl,Jerk_Primitive,5,10,55,20,98,345,3,12.5,1,0,0
NoControl,Jerk_Primitive,5,10,55,20,178,574,2,28.75,1,0,0
NoControl,Jerk_Primitive,5,10,55,20,203,591,3,23.875,1,0,0
NoControl,Jerk_Primitive,5,10,55,20,165,461,2,21.8,1,0,0
NoControl,Jerk_Primitive,5,10,55,20,99,348,0,0.0,1,0,0
NoControl,Jerk_Primitive,5,10,55,20,175,561,9,34.6,1,0,0
NoControl,Jerk_Primitive,5,10,55,20,250,851,4,27.3,1,0,0
NoControl,Jerk_Primitive,5,10,55,20,172,443,8,22.55555555555556,1,0,0
NoControl,Jerk_Primitive,5,10,55,20,99,337,0,0.0,1,0,0
NoControl,Jerk_Primitive,5,10,55,20,202,338,4,24.5,1,0,0
NoControl,Jerk_Primitive,5,10,55,20,165,529,4,14.333333333333334,1,0,0
NoControl,Jerk_Primitive,5,10,55,20,200,597,4,19.23076923076923,1,0,0
NoControl,Jerk_Primitive,5,10,55,20,99,348,3,17.333333333333332,1,0,0
NoControl,Jerk_Primitive,5,10,55,20,216,349,1,7.0,1,0,0
NoControl,Jerk_Primitive,5,10,55,20,279,774,6,22.0,1,0,0
NoControl,Jerk_Primitive,5,10,55,20,200,537,3,24.666666666666668,1,0,0
NoControl,Jerk_Primitive,5,10,55,20,262,460,9,20.42105263157895,1,0,0
NoControl,Jerk_Primitive,5,10,55,20,194,804,6,11.571428571428571,1,0,0
NoControl,Jerk_Primitive,5,10,55,20,166,345,3,12.363636363636363,1,0,0
NoControl,Jerk_Primitive,5,10,55,20,269,563,5,14.055555555555555,1,0,0
NoControl,Jerk_Primitive,5,10,55,20,17,41,2,15.833333333333334,0,0,1
NoControl,Jerk_Primitive,5,10,55,20,99,344,3,14.666666666666666,1,0,0
NoControl,Jerk_Primitive,5,10,55,20,210,397,7,24.8,1,0,0
NoControl,Jerk_Primitive,5,10,55,20,165,457,1,24.181818181818183,1,0,0
NoControl,Jerk_Primitive,5,10,55,20,199,613,2,23.692307692307693,1,0,0
NoControl,Jerk_Primitive,5,10,55,20,99,344,4,35.0,1,0,0
NoControl,Jerk_Primitive,5,10,55,20,164,491,0,35.0,1,0,0
NoControl,Jerk_Primitive,5,10,55,20,254,832,2,27.75,1,0,0
NoControl,Jerk_Primitive,5,10,55,20,179,507,4,23.625,1,0,0
NoControl,Jerk_Primitive,5,10,55,20,99,345,0,0.0,1,0,0
NoControl,Jerk_Primitive,5,10,55,20,285,793,8,32.0,1,0,0
NoControl,Jerk_Primitive,5,10,55,20,70,71,2,34.111111111111114,0,0,1
NoControl,Jerk_Primitive,5,10,55,20,309,796,4,18.75,1,0,0
NoControl,Jerk_Primitive,5,10,55,20,193,341,5,12.666666666666666,1,0,0
NoControl,Jerk_Primitive,5,10,55,20,203,310,1,15.75,1,0,0
NoControl,Jerk_Primitive,5,10,55,20,296,808,1,29.0,1,0,0
NoControl,Jerk_Primitive,5,10,55,20,216,589,7,31.6,1,0,0
NoControl,Jerk_Primitive,5,10,55,20,163,486,0,31.6,1,0,0
NoControl,Jerk_Primitive,5,10,55,20,130,98,6,27.625,0,0,1
NoControl,Jerk_Primitive,5,10,55,20,53,274,2,38.0,0,0,1
NoControl,Jerk_Primitive,5,10,55,20,195,799,7,32.75,1,0,0
NoControl,Jerk_Primitive,5,10,55,20,208,811,1,27.0,1,0,0
NoControl,Jerk_Primitive,5,10,55,20,166,413,4,19.0,1,0,0
NoControl,Jerk_Primitive,5,10,55,20,267,349,3,34.0,1,0,0
NoControl,Jerk_Primitive,5,10,55,20,198,367,12,28.625,1,0,0
NoControl,Jerk_Primitive,5,10,55,20,165,473,3,33.6,1,0,0
NoControl,Jerk_Primitive,5,10,55,20,198,610,3,35.833333333333336,1,0,0
NoControl,Jerk_Primitive,5,10,55,20,114,359,3,22.0,1,0,0
NoControl,Jerk_Primitive,5,10,55,20,202,333,2,15.25,1,0,0
NoControl,Jerk_Primitive,5,10,55,20,177,502,5,24.125,1,0,0
NoControl,Jerk_Primitive,5,10,55,20,236,593,4,22.166666666666668,1,0,0
NoControl,Jerk_Primitive,5,10,55,20,200,822,5,22.2,1,0,0
NoControl,Jerk_Primitive,5,10,55,20,201,551,2,21.0,1,0,0
NoControl,Jerk_Primitive,5,10,55,20,165,495,4,23.90909090909091,1,0,0
NoControl,Jerk_Primitive,5,10,55,20,199,248,1,23.83333333333333,1,0,0
NoControl,MPC,5,10,55,20,217,788,6,17.142857142857142,0,0,1
NoControl,MPC,5,10,55,20,213,791,7,22.375,1,0,0
NoControl,MPC,5,10,55,20,268,586,4,19.923076923076923,1,0,0
NoControl,MPC,5,10,55,20,213,196,3,21.857142857142858,1,0,0
NoControl,MPC,5,10,55,20,195,136,7,23.863636363636363,0,0,1
NoControl,MPC,5,10,55,20,38,179,2,11.0,0,0,1
NoControl,MPC,5,10,55,20,108,366,0,0.0,1,0,0
NoControl,MPC,5,10,55,20,170,502,5,21.0,0,0,1
NoControl,MPC,5,10,55,20,108,362,1,11.0,1,0,0
NoControl,MPC,5,10,55,20,274,786,4,20.8,1,0,0
NoControl,MPC,5,10,55,20,226,511,4,19.2,1,0,0
NoControl,MPC,5,10,55,20,35,20,2,21.166666666666668,0,0,1
NoControl,MPC,5,10,55,20,90,405,2,10.5,0,0,1
NoControl,MPC,5,10,55,20,108,365,3,16.0,1,0,0
NoControl,MPC,5,10,55,20,161,475,7,21.3,0,0,1
NoControl,MPC,5,10,55,20,36,220,1,13.0,0,0,1
NoControl,MPC,5,10,55,20,108,369,2,32.0,1,0,0
NoControl,MPC,5,10,55,20,274,651,5,11.571428571428571,0,0,1
NoControl,MPC,5,10,55,20,213,787,5,23.8,1,0,0
NoControl,MPC,5,10,55,20,211,614,7,30.27272727272728,1,0,0
NoControl,MPC,5,10,55,20,291,439,1,30.58333333333333,1,0,0
NoControl,MPC,5,10,55,20,209,259,1,30.15384615384616,1,0,0
NoControl,MPC,5,10,55,20,81,369,3,15.5,0,0,1
NoControl,MPC,5,10,55,20,78,289,3,8.666666666666666,0,0,1
NoControl,MPC,5,10,55,20,214,809,2,21.0,1,0,0
NoControl,MPC,5,10,55,20,258,584,3,26.2,1,0,0
NoControl,MPC,5,10,55,20,314,790,4,24.5,1,0,0
NoControl,MPC,5,10,55,20,172,259,3,23.857142857142858,0,0,1
NoControl,MPC,5,10,55,20,112,355,1,28.0,1,0,0
NoControl,MPC,5,10,55,20,208,309,1,26.5,1,0,0
NoControl,MPC,5,10,55,20,232,574,6,25.444444444444443,0,0,1
NoControl,MPC,5,10,55,20,21,160,1,18.0,0,0,1
NoControl,MPC,5,10,55,20,227,814,7,19.714285714285715,1,0,0
NoControl,MPC,5,10,55,20,7,2,0,20.571428571428573,0,0,1
NoControl,MPC,5,10,55,20,227,800,8,22.666666666666668,1,0,0
NoControl,MPC,5,10,55,20,174,296,2,23.125,1,0,0
NoControl,MPC,5,10,55,20,207,262,0,23.125,1,0,0
NoControl,MPC,5,10,55,20,173,505,4,19.0,1,0,0
NoControl,MPC,5,10,55,20,263,316,2,15.0,0,0,1
NoControl,MPC,5,10,55,20,132,511,4,23.33333333333333,0,0,1
NoControl,MPC,5,10,55,20,225,804,2,15.5,1,0,0
NoControl,MPC,5,10,55,20,377,820,5,22.5,1,0,0
NoControl,MPC,5,10,55,20,208,561,2,23.0,1,0,0
NoControl,MPC,5,10,55,20,180,508,2,22.0,1,0,0
NoControl,MPC,5,10,55,20,208,236,1,22.25,1,0,0
NoControl,MPC,5,10,55,20,213,791,3,30.33333333333333,1,0,0
NoControl,MPC,5,10,55,20,40,45,0,30.33333333333333,0,1,0
NoControl,MPC,5,10,55,20,108,361,0,0.0,1,0,0
NoControl,MPC,5,10,55,20,260,765,7,21.714285714285715,1,0,0
NoControl,MPC,5,10,55,20,79,181,3,27.55555555555556,0,0,1
NoControl,MPC,5,10,55,20,108,366,1,1.0,1,0,0
NoControl,MPC,5,10,55,20,27,11,1,27.0,0,0,1
NoControl,MPC,5,10,55,20,5,100,1,4.0,0,0,1
NoControl,MPC,5,10,55,20,209,795,4,27.6,1,0,0
NoControl,MPC,5,10,55,20,259,577,3,25.875,1,0,0
NoControl,MPC,5,10,55,20,174,455,2,26.2,1,0,0
NoControl,MPC,5,10,55,20,265,336,2,25.75,1,0,0
NoControl,MPC,5,10,55,20,209,795,1,23.0,1,0,0
NoControl,Primitive,10,0,55,20,131,412,3,22.0,1,0,0
NoControl,Primitive,10,0,55,20,77,12,6,20.375,0,0,1
NoControl,Primitive,10,0,55,20,132,412,5,11.0,1,0,0
NoControl,Primitive,10,0,55,20,160,378,8,21.727272727272727,0,0,1
NoControl,Primitive,10,0,55,20,241,806,10,22.33333333333333,1,0,0
NoControl,Primitive,10,0,55,20,648,319,2,9.0,0,0,1
NoControl,Primitive,10,0,55,20,775,802,7,22.5,1,0,0
NoControl,Primitive,10,0,55,20,243,398,12,22.55,1,0,0
NoControl,Primitive,10,0,55,20,429,801,8,22.285714285714285,0,0,1
NoControl,Primitive,10,0,55,20,102,354,7,36.6,0,0,1
NoControl,Primitive,10,0,55,20,135,177,4,8.0,0,0,1
NoControl,Primitive,10,0,55,20,391,825,12,24.63636363636364,1,0,0
NoControl,Primitive,10,0,55,20,210,144,3,9.0,0,0,1
NoControl,Primitive,10,0,55,20,56,247,2,11.0,0,0,1
NoControl,Primitive,10,0,55,20,48,201,7,16.5,0,0,1
NoControl,Primitive,10,0,55,20,189,382,2,9.5,0,0,1
NoControl,Primitive,10,0,55,20,709,691,6,18.5,0,0,1
NoControl,Primitive,10,0,55,20,223,411,3,36.0,1,0,0
NoControl,Primitive,10,0,55,20,49,46,2,21.6,0,0,1
NoControl,Primitive,10,0,55,20,132,412,2,18.5,1,0,0
NoControl,Primitive,10,0,55,20,77,12,3,18.2,0,0,1
NoControl,Primitive,10,0,55,20,443,397,5,21.0,1,0,0
NoControl,Primitive,10,0,55,20,234,341,5,17.0,0,0,1
NoControl,Primitive,10,0,55,20,403,397,7,12.571428571428571,1,0,0
NoControl,Primitive,10,0,55,20,111,309,3,19.0,0,0,1
NoControl,Primitive,10,0,55,20,326,397,1,21.0,1,0,0
NoControl,Primitive,10,0,55,20,33,26,2,25.0,0,0,1
NoControl,Primitive,10,0,55,20,206,587,5,21.166666666666668,0,0,1
NoControl,Primitive,10,0,55,20,423,570,7,21.5,0,0,1
NoControl,Primitive,10,0,55,20,70,269,2,6.333333333333333,0,0,1
NoControl,Primitive,10,0,55,20,706,397,2,18.5,1,0,0
NoControl,Primitive,10,0,55,20,164,96,10,20.875,0,0,1
NoControl,Primitive,10,0,55,20,118,424,7,15.125,0,0,1
NoControl,Primitive,10,0,55,20,132,397,6,17.2,1,0,0
NoControl,Primitive,10,0,55,20,193,412,3,19.0,1,0,0
NoControl,Primitive,10,0,55,20,182,310,3,23.0,0,0,1
NoControl,Primitive,10,0,55,20,84,294,7,15.0,0,0,1
NoControl,Primitive,10,0,55,20,456,818,11,20.454545454545453,1,0,0
NoControl,Primitive,10,0,55,20,390,770,9,17.666666666666668,0,0,1
NoControl,Jerk_Primitive,10,0,55,20,106,358,1,16.0,1,0,0
NoControl,Jerk_Primitive,10,0,55,20,181,378,4,35.0,1,0,0
NoControl,Jerk_Primitive,10,0,55,20,110,161,2,16.0,0,0,1
NoControl,Jerk_Primitive,10,0,55,20,207,839,9,27.75,1,0,0
NoControl,Jerk_Primitive,10,0,55,20,637,345,3,23.0,1,0,0
NoControl,Jerk_Primitive,10,0,55,20,294,803,9,29.375,1,0,0
NoControl,Jerk_Primitive,10,0,55,20,166,392,7,24.25,1,0,0
NoControl,Jerk_Primitive,10,0,55,20,531,345,2,13.0,1,0,0
NoControl,Jerk_Primitive,10,0,55,20,260,828,8,19.9,1,0,0
NoControl,Jerk_Primitive,10,0,55,20,122,315,7,20.0,0,0,1
NoControl,Jerk_Primitive,10,0,55,20,99,345,3,9.0,1,0,0
NoControl,Jerk_Primitive,10,0,55,20,593,402,3,39.0,1,0,0
NoControl,Jerk_Primitive,10,0,55,20,250,352,3,24.0,1,0,0
NoControl,Jerk_Primitive,10,0,55,20,165,345,4,26.0,1,0,0
NoControl,Jerk_Primitive,10,0,55,20,228,805,10,23.1,1,0,0
NoControl,Jerk_Primitive,10,0,55,20,292,312,4,20.666666666666668,0,0,1
NoControl,Jerk_Primitive,10,0,55,20,99,345,1,26.0,1,0,0
NoControl,Jerk_Primitive,10,0,55,20,202,338,10,28.571428571428573,1,0,0
NoControl,Jerk_Primitive,10,0,55,20,10,22,1,30.428571428571427,0,0,1
NoControl,Jerk_Primitive,10,0,55,20,196,804,6,23.75,1,0,0
NoControl,Jerk_Primitive,10,0,55,20,227,345,1,13.0,1,0,0
NoControl,Jerk_Primitive,10,0,55,20,147,238,3,13.0,0,0,1
NoControl,Jerk_Primitive,10,0,55,20,245,345,7,23.2,1,0,0
NoControl,Jerk_Primitive,10,0,55,20,123,342,3,14.4,1,0,0
NoControl,Jerk_Primitive,10,0,55,20,373,353,5,21.0,1,0,0
NoControl,Jerk_Primitive,10,0,55,20,337,345,4,11.75,1,0,0
NoControl,Jerk_Primitive,10,0,55,20,348,803,11,19.6,1,0,0
NoControl,Jerk_Primitive,10,0,55,20,202,594,4,25.692307692307693,1,0,0
NoControl,Jerk_Primitive,10,0,55,20,284,821,10,21.454545454545453,1,0,0
NoControl,Jerk_Primitive,10,0,55,20,320,153,3,7.0,0,0,1
NoControl,Jerk_Primitive,10,0,55,20,102,345,1,20.0,1,0,0
NoControl,Jerk_Primitive,10,0,55,20,202,338,8,34.0,1,0,0
NoControl,Jerk_Primitive,10,0,55,20,274,742,10,29.933333333333334,1,0,0
NoControl,Jerk_Primitive,10,0,55,20,374,800,8,23.857142857142858,1,0,0
NoControl,Jerk_Primitive,10,0,55,20,152,345,3,15.5,1,0,0
NoControl,Jerk_Primitive,10,0,55,20,251,787,10,15.266666666666667,1,0,0
NoControl,Jerk_Primitive,10,0,55,20,176,460,8,17.130434782608695,1,0,0
NoControl,Jerk_Primitive,10,0,55,20,315,200,4,24.0,0,0,1
NoControl,Jerk_Primitive,10,0,55,20,206,822,10,25.0,1,0,0
NoControl,Jerk_Primitive,10,0,55,20,575,803,6,20.33333333333333,1,0,0
NoControl,MPC,10,0,55,20,38,221,2,17.5,0,0,1
NoControl,MPC,10,0,55,20,142,365,1,21.0,1,0,0
NoControl,MPC,10,0,55,20,240,351,4,18.5,0,0,1
NoControl,MPC,10,0,55,20,45,170,1,13.0,0,0,1
NoControl,MPC,10,0,55,20,182,363,7,20.5,1,0,0
NoControl,MPC,10,0,55,20,21,35,2,26.4,0,0,1
NoControl,MPC,10,0,55,20,26,177,2,20.0,0,0,1
NoControl,MPC,10,0,55,20,197,543,10,20.444444444444443,0,0,1
NoControl,MPC,10,0,55,20,181,366,1,3.0,1,0,0
NoControl,MPC,10,0,55,20,261,774,11,27.58333333333333,1,0,0
NoControl,MPC,10,0,55,20,248,805,9,21.25,1,0,0
NoControl,MPC,10,0,55,20,56,31,1,23.33333333333333,0,0,1
NoControl,MPC,10,0,55,20,4,95,1,3.0,0,0,1
NoControl,MPC,10,0,55,20,108,364,8,14.22222222222222,1,0,0
NoControl,MPC,10,0,55,20,187,298,3,33.0,0,0,1
NoControl,MPC,10,0,55,20,210,808,6,17.333333333333332,1,0,0
NoControl,MPC,10,0,55,20,57,78,5,19.63636363636364,0,0,1
NoControl,MPC,10,0,55,20,82,232,2,17.0,0,0,1
NoControl,MPC,10,0,55,20,194,365,4,17.666666666666668,1,0,0
NoControl,MPC,10,0,55,20,253,729,6,21.666666666666668,0,0,1
NoControl,MPC,10,0,55,20,108,365,3,11.5,1,0,0
NoControl,MPC,10,0,55,20,186,498,9,23.25,0,0,1
NoControl,MPC,10,0,55,20,111,380,4,25.0,1,0,0
NoControl,MPC,10,0,55,20,55,195,3,18.5,0,0,1
NoControl,MPC,10,0,55,20,182,219,3,21.5,0,0,1
NoControl,MPC,10,0,55,20,399,365,2,14.5,1,0,0
NoControl,MPC,10,0,55,20,101,289,5,15.428571428571429,0,0,1
NoControl,MPC,10,0,55,20,391,807,9,23.77777777777778,1,0,0
NoControl,MPC,10,0,55,20,185,343,12,21.43478260869565,0,0,1
NoControl,MPC,10,0,55,20,38,193,4,18.0,0,0,1
NoControl,MPC,10,0,55,20,134,364,4,14.666666666666666,1,0,0
NoControl,MPC,10,0,55,20,21,22,1,28.0,0,0,1
NoControl,MPC,10,0,55,20,13,137,1,12.0,0,0,1
NoControl,MPC,10,0,55,20,117,495,7,24.166666666666668,0,0,1
NoControl,MPC,10,0,55,20,204,775,12,22.33333333333333,0,0,1
NoControl,MPC,10,0,55,20,10,115,1,9.0,0,0,1
NoControl,MPC,10,0,55,20,110,469,4,17.75,0,0,1
NoControl,MPC,10,0,55,20,112,364,3,14.0,1,0,0
NoControl,MPC,10,0,55,20,4,1,0,15.0,0,0,1
NoControl,MPC,10,0,55,20,226,743,9,15.0,0,0,1
NoControl,MPC,10,0,55,20,119,171,2,14.5,0,0,1
NoControl,MPC,10,0,55,20,58,221,2,24.0,0,0,1
NoControl,MPC,10,0,55,20,125,373,6,21.0,1,0,0
NoControl,MPC,10,0,55,20,9,2,1,23.0,0,0,1
NoControl,MPC,10,0,55,20,108,365,1,7.0,1,0,0
NoControl,MPC,10,0,55,20,238,697,15,20.666666666666668,0,0,1
NoControl,MPC,10,0,55,20,108,366,2,31.0,1,0,0
NoControl,MPC,10,0,55,20,261,777,12,21.15384615384616,1,0,0
NoControl,MPC,10,0,55,20,246,776,8,22.142857142857142,0,0,1
NoControl,MPC,10,0,55,20,289,612,8,21.0,0,0,1
NoControl,MPC,10,0,55,20,34,200,2,5.5,0,0,1
NoControl,MPC,10,0,55,20,179,366,3,19.0,1,0,0
NoControl,MPC,10,0,55,20,127,318,6,20.33333333333333,0,0,1
NoControl,MPC,10,0,55,20,211,805,4,15.666666666666666,1,0,0
NoControl,MPC,10,0,55,20,27,46,1,15.285714285714286,0,0,1
NoControl,MPC,10,0,55,20,161,270,4,7.5,0,0,1
NoControl,MPC,10,0,55,20,70,267,2,12.0,0,0,1
NoControl,MPC,10,0,55,20,11,90,1,2.0,0,0,1
NoControl,MPC,10,0,55,20,108,364,4,25.666666666666668,1,0,0
NoControl,MPC,10,0,55,20,115,365,3,14.5,1,0,0
NoControl,MPC,10,0,55,20,207,340,2,12.0,0,0,1
NoControl,MPC,10,0,55,20,176,385,5,7.666666666666667,0,0,1
NoControl,MPC,10,0,55,20,247,497,7,10.0,0,0,1
NoControl,MPC,10,0,55,20,142,563,4,25.0,0,0,1
NoControl,MPC,10,0,55,20,188,233,4,19.75,0,0,1
NoControl,MPC,10,0,55,20,185,363,3,25.0,1,0,0
NoControl,MPC,10,0,55,20,192,274,7,28.142857142857142,0,0,1
NoControl,MPC,10,0,55,20,75,206,4,10.5,0,0,1
NoControl,MPC,10,0,55,20,190,364,7,21.0,1,0,0
NoControl,MPC,10,0,55,20,174,522,9,16.466666666666665,1,0,0
NoControl,MPC,10,0,55,20,57,112,3,18.166666666666668,0,0,1
NoControl,MPC,10,0,55,20,68,270,4,23.33333333333333,0,0,1
NoControl,MPC,10,0,55,20,22,167,2,15.0,0,0,1
NoControl,MPC,10,0,55,20,4,97,1,3.0,0,0,1
NoControl,Primitive,10,5,55,20,432,810,6,20.83333333333333,1,0,0
NoControl,Primitive,10,5,55,20,223,272,8,25.0,1,0,0
NoControl,Primitive,10,5,55,20,248,410,7,20.2,1,0,0
NoControl,Primitive,10,5,55,20,23,33,2,29.0,0,0,1
NoControl,Primitive,10,5,55,20,130,434,7,27.6,1,0,0
NoControl,Primitive,10,5,55,20,263,397,3,30.0,1,0,0
NoControl,Primitive,10,5,55,20,563,528,4,18.5,0,0,1
NoControl,Primitive,10,5,55,20,258,818,10,16.416666666666668,1,0,0
NoControl,Primitive,10,5,55,20,240,610,11,21.33333333333333,1,0,0
NoControl,Primitive,10,5,55,20,155,363,4,20.5,0,0,1
NoControl,Primitive,10,5,55,20,241,804,9,20.7,1,0,0
NoControl,Primitive,10,5,55,20,449,187,1,12.0,0,0,1
NoControl,Primitive,10,5,55,20,522,209,3,13.0,0,0,1
NoControl,Primitive,10,5,55,20,170,285,3,20.5,0,0,1
NoControl,Primitive,10,5,55,20,122,170,1,21.0,0,0,1
NoControl,Primitive,10,5,55,20,298,789,8,24.25,1,0,0
NoControl,Primitive,10,5,55,20,274,361,9,24.55,0,0,1
NoControl,Primitive,10,5,55,20,77,267,7,18.0,0,0,1
NoControl,Primitive,10,5,55,20,311,835,11,21.90909090909091,1,0,0
NoControl,Primitive,10,5,55,20,331,812,9,23.2,1,0,0
NoControl,Primitive,10,5,55,20,444,812,9,18.0,1,0,0
NoControl,Primitive,10,5,55,20,297,809,5,16.0,1,0,0
NoControl,Primitive,10,5,55,20,47,33,3,23.285714285714285,0,0,1
NoControl,Primitive,10,5,55,20,390,325,8,35.666666666666664,0,0,1
NoControl,Primitive,10,5,55,20,200,403,7,17.142857142857142,1,0,0
NoControl,Primitive,10,5,55,20,310,714,13,23.21052631578948,1,0,0
NoControl,Primitive,10,5,55,20,30,9,2,22.52380952380953,0,0,1
NoControl,Primitive,10,5,55,20,128,396,6,15.125,1,0,0
NoControl,Primitive,10,5,55,20,400,321,4,22.666666666666668,0,0,1
NoControl,Primitive,10,5,55,20,143,485,6,9.714285714285714,0,0,1
NoControl,Primitive,10,5,55,20,254,837,13,22.571428571428573,1,0,0
NoControl,Primitive,10,5,55,20,71,37,3,22.647058823529413,0,0,1
NoControl,Primitive,10,5,55,20,21,138,5,12.666666666666666,0,0,1
NoControl,Primitive,10,5,55,20,104,396,6,15.0,0,0,1
NoControl,Primitive,10,5,55,20,347,399,2,4.5,1,0,0
NoControl,Primitive,10,5,55,20,256,305,6,14.0,1,0,0
NoControl,Primitive,10,5,55,20,234,394,8,40.333333333333336,1,0,0
NoControl,Primitive,10,5,55,20,146,63,2,33.75,0,0,1
NoControl,Primitive,10,5,55,20,132,407,4,32.0,1,0,0
NoControl,Primitive,10,5,55,20,378,816,11,17.25,1,0,0
NoControl,Primitive,10,5,55,20,253,661,6,19.61111111111111,1,0,0
NoControl,Jerk_Primitive,10,5,55,20,208,823,9,15.272727272727272,1,0,0
NoControl,Jerk_Primitive,10,5,55,20,166,337,3,21.384615384615383,1,0,0
NoControl,Jerk_Primitive,10,5,55,20,223,166,4,13.2,0,0,1
NoControl,Jerk_Primitive,10,5,55,20,99,345,2,13.0,1,0,0
NoControl,Jerk_Primitive,10,5,55,20,146,345,1,1.0,1,0,0
NoControl,Jerk_Primitive,10,5,55,20,171,345,1,21.0,1,0,0
NoControl,Jerk_Primitive,10,5,55,20,261,779,7,22.666666666666668,1,0,0
NoControl,Jerk_Primitive,10,5,55,20,123,338,7,15.0,1,0,0
NoControl,Jerk_Primitive,10,5,55,20,292,819,9,22.2,1,0,0
NoControl,Jerk_Primitive,10,5,55,20,120,346,3,25.0,1,0,0
NoControl,Jerk_Primitive,10,5,55,20,41,117,3,23.166666666666668,0,0,1
NoControl,Jerk_Primitive,10,5,55,20,213,818,15,18.692307692307693,1,0,0
NoControl,Jerk_Primitive,10,5,55,20,308,791,8,40.833333333333336,1,0,0
NoControl,Jerk_Primitive,10,5,55,20,168,376,10,25.72222222222222,1,0,0
NoControl,Jerk_Primitive,10,5,55,20,199,248,6,27.40909090909091,1,0,0
NoControl,Jerk_Primitive,10,5,55,20,173,531,8,25.967741935483872,1,0,0
NoControl,Jerk_Primitive,10,5,55,20,118,339,2,12.666666666666666,1,0,0
NoControl,Jerk_Primitive,10,5,55,20,268,354,7,18.5,0,0,1
NoControl,Jerk_Primitive,10,5,55,20,198,813,9,24.375,1,0,0
NoControl,Jerk_Primitive,10,5,55,20,176,368,5,23.615384615384617,1,0,0
NoControl,Jerk_Primitive,10,5,55,20,201,273,11,22.5,1,0,0
NoControl,Jerk_Primitive,10,5,55,20,227,345,2,9.0,1,0,0
NoControl,Jerk_Primitive,10,5,55,20,433,822,11,27.454545454545453,1,0,0
NoControl,Jerk_Primitive,10,5,55,20,279,182,4,21.33333333333333,0,0,1
NoControl,Jerk_Primitive,10,5,55,20,237,854,8,17.09090909090909,1,0,0
NoControl,Jerk_Primitive,10,5,55,20,154,344,1,20.0,1,0,0
NoControl,Jerk_Primitive,10,5,55,20,118,356,4,25.666666666666668,1,0,0
NoControl,Jerk_Primitive,10,5,55,20,27,19,3,25.6,0,0,1
NoControl,Jerk_Primitive,10,5,55,20,189,344,2,10.0,1,0,0
NoControl,Jerk_Primitive,10,5,55,20,5,16,1,12.0,0,0,1
NoControl,Jerk_Primitive,10,5,55,20,193,806,6,18.714285714285715,1,0,0
NoControl,Jerk_Primitive,10,5,55,20,193,332,10,16.0,1,0,0
NoControl,Jerk_Primitive,10,5,55,20,392,799,7,14.25,1,0,0
NoControl,Jerk_Primitive,10,5,55,20,257,632,9,21.31578947368421,1,0,0
NoControl,Jerk_Primitive,10,5,55,20,242,816,7,28.0,1,0,0
NoControl,Jerk_Primitive,10,5,55,20,72,192,7,25.727272727272727,0,0,1
NoControl,Jerk_Primitive,10,5,55,20,64,231,6,23.0,0,0,1
NoControl,Jerk_Primitive,10,5,55,20,212,843,10,18.46153846153846,1,0,0
NoControl,Jerk_Primitive,10,5,55,20,108,206,3,12.0,0,0,1
NoControl,Jerk_Primitive,10,5,55,20,190,795,10,24.125,1,0,0
NoControl,Jerk_Primitive,10,5,55,20,324,804,7,18.666666666666668,1,0,0
NoControl,Jerk_Primitive,10,5,55,20,113,345,2,15.0,1,0,0
NoControl,Jerk_Primitive,10,5,55,20,180,558,11,21.73333333333333,1,0,0
NoControl,Jerk_Primitive,10,5,55,20,279,829,11,15.4,1,0,0
NoControl,Jerk_Primitive,10,5,55,20,241,345,0,0.0,1,0,0
NoControl,Jerk_Primitive,10,5,55,20,203,350,5,31.0,1,0,0
NoControl,Jerk_Primitive,10,5,55,20,261,755,11,25.5,1,0,0
NoControl,Jerk_Primitive,10,5,55,20,240,522,7,24.2,1,0,0
NoControl,Jerk_Primitive,10,5,55,20,303,805,7,27.428571428571427,1,0,0
NoControl,MPC,10,5,55,20,167,660,5,26.2,0,0,1
NoControl,MPC,10,5,55,20,64,152,2,11.0,0,0,1
NoControl,MPC,10,5,55,20,18,153,2,17.0,0,0,1
NoControl,MPC,10,5,55,20,107,351,3,29.5,0,0,1
NoControl,MPC,10,5,55,20,103,176,2,7.5,0,0,1
NoControl,MPC,10,5,55,20,86,358,4,14.25,0,1,0
NoControl,MPC,10,5,55,20,114,365,5,28.0,1,0,0
NoControl,MPC,10,5,55,20,209,314,12,31.77777777777778,1,0,0
NoControl,MPC,10,5,55,20,148,435,4,29.15384615384616,0,0,1
NoControl,MPC,10,5,55,20,109,365,4,16.666666666666668,1,0,0
NoControl,MPC,10,5,55,20,23,37,1,22.75,0,0,1
NoControl,MPC,10,5,55,20,89,199,1,12.0,0,0,1
NoControl,MPC,10,5,55,20,365,802,7,24.166666666666668,1,0,0
NoControl,MPC,10,5,55,20,163,295,7,30.615384615384617,0,0,1
NoControl,MPC,10,5,55,20,210,803,10,19.88888888888889,1,0,0
NoControl,MPC,10,5,55,20,381,360,0,0.0,1,0,0
NoControl,MPC,10,5,55,20,174,491,5,23.4,1,0,0
NoControl,MPC,10,5,55,20,28,38,1,22.83333333333333,0,0,1
NoControl,MPC,10,5,55,20,197,623,7,22.285714285714285,0,0,1
NoControl,MPC,10,5,55,20,59,229,1,12.0,0,0,1
NoControl,MPC,10,5,55,20,59,159,2,14.5,0,0,1
NoControl,MPC,10,5,55,20,167,355,7,14.2,1,0,0
NoControl,MPC,10,5,55,20,108,321,2,20.33333333333333,0,0,1
NoControl,MPC,10,5,55,20,84,301,22,24.0,0,0,1
NoControl,MPC,10,5,55,20,144,365,3,23.33333333333333,1,0,0
NoControl,MPC,10,5,55,20,64,9,3,24.4,0,0,1
NoControl,MPC,10,5,55,20,110,366,4,16.0,1,0,0
NoControl,MPC,10,5,55,20,110,274,4,21.666666666666668,0,0,1
NoControl,MPC,10,5,55,20,27,175,2,6.5,0,0,1
NoControl,MPC,10,5,55,20,31,201,3,14.333333333333334,0,0,1
NoControl,MPC,10,5,55,20,21,113,1,9.0,0,0,1
NoControl,MPC,10,5,55,20,212,801,10,16.545454545454547,1,0,0
NoControl,MPC,10,5,55,20,208,550,5,21.3125,0,0,1
NoControl,MPC,10,5,55,20,89,408,4,12.4,0,0,1
NoControl,MPC,10,5,55,20,94,418,4,18.5,0,0,1
NoControl,MPC,10,5,55,20,262,663,4,26.666666666666668,0,0,1
NoControl,MPC,10,5,55,20,204,490,4,15.5,0,0,1
NoControl,MPC,10,5,55,20,217,810,11,17.833333333333332,1,0,0
NoControl,MPC,10,5,55,20,272,571,8,18.91304347826087,1,0,0
NoControl,MPC,10,5,55,20,23,12,2,18.70833333333333,0,0,1
NoControl,MPC,10,5,55,20,106,353,5,10.75,0,0,1
NoControl,MPC,10,5,55,20,108,366,4,11.75,1,0,0
NoControl,MPC,10,5,55,20,230,307,2,13.166666666666666,1,0,0
NoControl,MPC,10,5,55,20,199,468,6,16.46153846153846,0,0,1
NoControl,MPC,10,5,55,20,15,128,1,14.0,0,0,1
NoControl,MPC,10,5,55,20,195,199,1,11.0,0,0,1
NoControl,MPC,10,5,55,20,221,814,10,14.0,1,0,0
NoControl,MPC,10,5,55,20,14,8,2,15.214285714285714,0,0,1
NoControl,MPC,10,5,55,20,175,357,1,34.0,1,0,0
NoControl,MPC,10,5,55,20,187,200,1,12.0,0,0,1
NoControl,MPC,10,5,55,20,219,800,8,24.125,1,0,0
NoControl,MPC,10,5,55,20,435,805,6,20.142857142857142,0,0,1
NoControl,MPC,10,5,55,20,108,366,6,21.5,1,0,0
NoControl,MPC,10,5,55,20,209,311,8,20.4,1,0,0
NoControl,MPC,10,5,55,20,111,312,5,19.33333333333333,0,0,1
NoControl,MPC,10,5,55,20,154,599,3,34.0,0,0,1
NoControl,MPC,10,5,55,20,92,288,2,9.0,0,0,1
NoControl,MPC,10,5,55,20,108,458,7,14.625,0,0,1
NoControl,MPC,10,5,55,20,108,363,2,15.5,1,0,0
NoControl,MPC,10,5,55,20,124,90,53,18.384615384615383,0,0,1
NoControl,MPC,10,5,55,20,103,246,4,20.0,0,0,1
NoControl,MPC,10,5,55,20,46,69,2,1.0,0,0,1
NoControl,MPC,10,5,55,20,108,367,2,32.0,1,0,0
NoControl,MPC,10,5,55,20,75,143,1,26.0,0,0,1
NoControl,MPC,10,5,55,20,134,351,3,9.0,1,0,0
NoControl,MPC,10,5,55,20,175,518,8,18.0,1,0,0
NoControl,MPC,10,5,55,20,181,359,6,16.25,1,0,0
NoControl,MPC,10,5,55,20,13,2,0,19.25,0,0,1
NoControl,MPC,10,5,55,20,337,808,7,28.714285714285715,1,0,0
NoControl,MPC,10,5,55,20,171,372,5,22.8,1,0,0
NoControl,MPC,10,5,55,20,45,60,2,21.142857142857142,0,0,1
NoControl,MPC,10,5,55,20,108,362,3,14.666666666666666,1,0,0
NoControl,MPC,10,5,55,20,135,211,1,12.0,0,0,1
NoControl,Primitive,10,10,55,20,339,244,5,18.5,0,0,1
NoControl,Primitive,10,10,55,20,116,99,2,3.0,0,0,1
NoControl,Primitive,10,10,55,20,132,411,4,32.666666666666664,1,0,0
NoControl,Primitive,10,10,55,20,310,437,10,23.166666666666668,1,0,0
NoControl,Primitive,10,10,55,20,192,238,2,28.0,0,0,1
NoControl,Primitive,10,10,55,20,404,806,8,19.1,1,0,0
NoControl,Primitive,10,10,55,20,178,198,2,19.0,0,0,1
NoControl,Primitive,10,10,55,20,132,405,1,13.0,1,0,0
NoControl,Primitive,10,10,55,20,235,373,5,22.25,0,0,1
NoControl,Primitive,10,10,55,20,342,397,1,23.0,1,0,0
NoControl,Primitive,10,10,55,20,160,101,8,34.166666666666664,0,0,1
NoControl,Primitive,10,10,55,20,38,184,4,11.75,0,0,1
NoControl,Primitive,10,10,55,20,124,365,2,22.0,0,0,1
NoControl,Primitive,10,10,55,20,133,413,4,18.33333333333333,1,0,0
NoControl,Primitive,10,10,55,20,62,26,2,25.25,0,0,1
NoControl,Primitive,10,10,55,20,59,235,4,13.25,0,0,1
NoControl,Primitive,10,10,55,20,445,804,8,23.33333333333333,1,0,0
NoControl,Primitive,10,10,55,20,14,19,1,22.5,0,0,1
NoControl,Primitive,10,10,55,20,186,638,7,33.5,0,0,1
NoControl,Primitive,10,10,55,20,162,404,6,16.166666666666668,1,0,0
NoControl,Primitive,10,10,55,20,7,11,0,17.166666666666668,0,0,1
NoControl,Primitive,10,10,55,20,179,389,4,19.0,1,0,0
NoControl,Primitive,10,10,55,20,338,400,11,9.6,1,0,0
NoControl,Primitive,10,10,55,20,102,6,13,21.428571428571427,0,0,1
NoControl,Primitive,10,10,55,20,132,382,3,17.5,1,0,0
NoControl,Primitive,10,10,55,20,309,388,4,25.0,1,0,0
NoControl,Primitive,10,10,55,20,242,547,13,23.8125,0,0,1
NoControl,Primitive,10,10,55,20,210,399,6,23.6,0,0,1
NoControl,Primitive,10,10,55,20,552,396,3,33.5,1,0,0
NoControl,Primitive,10,10,55,20,317,383,5,31.666666666666668,1,0,0
NoControl,Primitive,10,10,55,20,228,241,18,17.333333333333332,0,0,1
NoControl,Primitive,10,10,55,20,138,411,7,25.4,1,0,0
NoControl,Primitive,10,10,55,20,10,14,0,28.6,0,0,1
NoControl,Primitive,10,10,55,20,279,801,9,17.625,1,0,0
NoControl,Primitive,10,10,55,20,258,628,80,21.63157894736842,1,0,0
NoControl,Primitive,10,10,55,20,389,181,5,19.0,0,0,1
NoControl,Primitive,10,10,55,20,304,597,8,21.714285714285715,0,0,1
NoControl,Primitive,10,10,55,20,132,412,3,18.5,1,0,0
NoControl,Primitive,10,10,55,20,344,229,4,17.333333333333332,0,0,1
NoControl,Primitive,10,10,55,20,246,819,7,20.857142857142858,1,0,0
NoControl,Primitive,10,10,55,20,58,35,2,20.11111111111111,0,0,1
NoControl,Primitive,10,10,55,20,266,814,11,24.916666666666668,1,0,0
NoControl,Primitive,10,10,55,20,249,406,8,26.894736842105264,1,0,0
NoControl,Primitive,10,10,55,20,172,141,4,20.0,0,0,1
NoControl,Primitive,10,10,55,20,96,322,10,19.5,0,0,1
NoControl,Primitive,10,10,55,20,236,808,7,21.0,1,0,0
NoControl,Primitive,10,10,55,20,146,432,5,7.333333333333333,0,0,1
NoControl,Primitive,10,10,55,20,187,186,2,8.0,0,0,1
NoControl,Primitive,10,10,55,20,137,434,8,27.33333333333333,0,0,1
NoControl,Jerk_Primitive,10,10,55,20,98,333,0,0.0,1,0,0
NoControl,Jerk_Primitive,10,10,55,20,182,564,5,24.25,1,0,0
NoControl,Jerk_Primitive,10,10,55,20,267,853,11,21.125,1,0,0
NoControl,Jerk_Primitive,10,10,55,20,182,389,8,24.60869565217392,0,0,1
NoControl,Jerk_Primitive,10,10,55,20,99,346,4,17.333333333333332,1,0,0
NoControl,Jerk_Primitive,10,10,55,20,89,57,5,17.4,0,0,1
NoControl,Jerk_Primitive,10,10,55,20,109,346,5,16.75,1,0,0
NoControl,Jerk_Primitive,10,10,55,20,164,504,6,18.615384615384617,1,0,0
NoControl,Jerk_Primitive,10,10,55,20,282,868,10,18.53846153846154,1,0,0
NoControl,Jerk_Primitive,10,10,55,20,340,345,1,28.0,1,0,0
NoControl,Jerk_Primitive,10,10,55,20,197,721,8,13.2,0,0,1
NoControl,Jerk_Primitive,10,10,55,20,373,794,7,19.857142857142858,1,0,0
NoControl,Jerk_Primitive,10,10,55,20,203,589,8,21.866666666666667,1,0,0
NoControl,Jerk_Primitive,10,10,55,20,205,301,6,21.5,0,0,1
NoControl,Jerk_Primitive,10,10,55,20,103,342,8,19.5,1,0,0
NoControl,Jerk_Primitive,10,10,55,20,406,810,9,22.0,1,0,0
NoControl,Jerk_Primitive,10,10,55,20,169,388,3,22.933333333333334,1,0,0
NoControl,Jerk_Primitive,10,10,55,20,243,803,8,19.571428571428573,1,0,0
NoControl,Jerk_Primitive,10,10,55,20,194,387,7,24.53333333333333,1,0,0
NoControl,Jerk_Primitive,10,10,55,20,252,546,10,20.59259259259259,1,0,0
NoControl,Jerk_Primitive,10,10,55,20,179,400,16,19.705882352941178,1,0,0
NoControl,Jerk_Primitive,10,10,55,20,276,348,2,21.5,1,0,0
NoControl,Jerk_Primitive,10,10,55,20,167,527,5,23.375,1,0,0
NoControl,Jerk_Primitive,10,10,55,20,351,343,5,18.4,1,0,0
NoControl,Jerk_Primitive,10,10,55,20,204,548,6,22.63636363636364,1,0,0
NoControl,Jerk_Primitive,10,10,55,20,279,817,25,27.166666666666668,1,0,0
NoControl,Jerk_Primitive,10,10,55,20,154,344,2,31.0,1,0,0
NoControl,Jerk_Primitive,10,10,55,20,203,308,10,28.0,1,0,0
NoControl,Jerk_Primitive,10,10,55,20,259,733,11,28.60869565217392,1,0,0
NoControl,Jerk_Primitive,10,10,55,20,377,815,11,22.1,1,0,0
NoControl,Jerk_Primitive,10,10,55,20,206,798,8,25.444444444444443,1,0,0
NoControl,Jerk_Primitive,10,10,55,20,251,649,9,18.9,1,0,0
NoControl,Jerk_Primitive,10,10,55,20,213,786,9,20.125,1,0,0
NoControl,Jerk_Primitive,10,10,55,20,13,13,1,19.666666666666668,0,0,1
NoControl,Jerk_Primitive,10,10,55,20,265,855,11,24.76923076923077,1,0,0
NoControl,Jerk_Primitive,10,10,55,20,229,530,7,27.571428571428573,1,0,0
NoControl,Jerk_Primitive,10,10,55,20,332,789,5,27.8,1,0,0
NoControl,Jerk_Primitive,10,10,55,20,368,363,2,34.0,1,0,0
NoControl,Jerk_Primitive,10,10,55,20,250,743,7,27.0,1,0,0
NoControl,Jerk_Primitive,10,10,55,20,194,332,13,16.25,1,0,0
NoControl,Jerk_Primitive,10,10,55,20,66,50,1,22.8,0,0,1
NoControl,Jerk_Primitive,10,10,55,20,427,827,10,18.1,1,0,0
NoControl,Jerk_Primitive,10,10,55,20,135,345,2,9.0,1,0,0
NoControl,Jerk_Primitive,10,10,55,20,172,531,2,30.33333333333333,1,0,0
NoControl,Jerk_Primitive,10,10,55,20,249,788,6,26.11111111111111,1,0,0
NoControl,MPC,10,10,55,20,49,224,4,11.25,0,0,1
NoControl,MPC,10,10,55,20,120,503,5,20.5,0,0,1
NoControl,MPC,10,10,55,20,69,301,8,12.77777777777778,0,0,1
NoControl,MPC,10,10,55,20,108,368,0,0.0,1,0,0
NoControl,MPC,10,10,55,20,208,342,2,17.333333333333332,0,1,0
NoControl,MPC,10,10,55,20,374,640,4,22.0,0,1,0
NoControl,MPC,10,10,55,20,187,373,2,55.0,1,0,0
NoControl,MPC,10,10,55,20,125,281,5,19.714285714285715,0,0,1
NoControl,MPC,10,10,55,20,108,369,4,46.5,1,0,0
NoControl,MPC,10,10,55,20,48,15,5,33.166666666666664,0,0,1
NoControl,MPC,10,10,55,20,240,719,10,17.7,0,0,1
NoControl,MPC,10,10,55,20,108,365,4,28.0,1,0,0
NoControl,MPC,10,10,55,20,94,44,3,27.5,0,0,1
NoControl,MPC,10,10,55,20,102,454,4,11.5,0,0,1
NoControl,MPC,10,10,55,20,108,366,6,24.25,1,0,0
NoControl,MPC,10,10,55,20,25,9,1,22.4,0,0,1
NoControl,MPC,10,10,55,20,108,362,5,14.0,1,0,0
NoControl,MPC,10,10,55,20,263,358,5,18.0,1,0,0
NoControl,MPC,10,10,55,20,66,21,7,17.625,0,0,1
NoControl,MPC,10,10,55,20,33,188,1,20.0,0,0,1
NoControl,MPC,10,10,55,20,108,371,4,22.33333333333333,1,0,0
NoControl,MPC,10,10,55,20,90,233,3,19.0,0,0,1
NoControl,MPC,10,10,55,20,196,126,1,7.0,0,0,1
NoControl,MPC,10,10,55,20,132,353,1,5.5,1,0,0
NoControl,MPC,10,10,55,20,33,13,2,10.333333333333334,0,0,1
NoControl,MPC,10,10,55,20,111,356,10,19.625,0,0,1
NoControl,MPC,10,10,55,20,73,269,2,10.666666666666666,0,0,1
NoControl,MPC,10,10,55,20,117,301,2,14.5,0,0,1
NoControl,MPC,10,10,55,20,291,561,7,16.166666666666668,0,0,1
NoControl,MPC,10,10,55,20,72,271,6,24.0,0,0,1
NoControl,MPC,10,10,55,20,109,363,2,9.666666666666666,1,0,0
NoControl,MPC,10,10,55,20,211,544,8,19.33333333333333,0,0,1
NoControl,MPC,10,10,55,20,167,659,4,36.333333333333336,0,0,1
NoControl,MPC,10,10,55,20,222,801,7,26.142857142857142,1,0,0
NoControl,MPC,10,10,55,20,34,67,23,26.22222222222222,0,0,1
NoControl,MPC,10,10,55,20,108,365,2,25.0,1,0,0
NoControl,MPC,10,10,55,20,146,361,5,31.666666666666668,1,0,0
NoControl,MPC,10,10,55,20,279,808,5,28.125,1,0,0
NoControl,MPC,10,10,55,20,27,24,1,26.444444444444443,0,0,1
NoControl,MPC,10,10,55,20,209,792,5,15.2,1,0,0
NoControl,MPC,10,10,55,20,174,329,5,21.4,1,0,0
NoControl,MPC,10,10,55,20,208,262,2,19.384615384615383,1,0,0
NoControl,MPC,10,10,55,20,110,150,3,17.875,0,0,1
NoControl,MPC,10,10,55,20,222,524,5,16.166666666666668,0,0,1
NoControl,MPC,10,10,55,20,151,441,4,16.5,0,0,1
NoControl,MPC,10,10,55,20,108,359,4,20.0,1,0,0
NoControl,MPC,10,10,55,20,216,321,6,33.0,1,0,0
NoControl,MPC,10,10,55,20,59,80,2,29.0,0,0,1
NoControl,MPC,10,10,55,20,44,185,6,14.0,0,0,1
NoControl,MPC,10,10,55,20,65,256,7,26.0,0,0,1
NoControl,MPC,10,10,55,20,60,257,1,16.0,0,1,0
NoControl,MPC,10,10,55,20,215,350,3,35.5,1,0,0
NoControl,MPC,10,10,55,20,330,352,5,22.0,0,0,1
NoControl,MPC,10,10,55,20,114,454,4,29.0,0,0,1
NoControl,MPC,10,10,55,20,109,370,6,20.33333333333333,1,0,0
NoControl,MPC,10,10,55,20,57,94,4,22.25,0,0,1
NoControl,MPC,10,10,55,20,40,223,6,17.0,0,0,1
NoControl,MPC,10,10,55,20,32,190,1,17.0,0,0,1
NoControl,MPC,10,10,55,20,48,198,6,16.666666666666668,0,0,1
NoControl,MPC,10,10,55,20,112,368,9,15.25,1,0,0
NoControl,MPC,10,10,55,20,101,117,1,11.0,0,0,1
NoControl,MPC,10,10,55,20,254,628,4,27.0,0,0,1
NoControl,MPC,10,10,55,20,113,365,6,29.33333333333333,1,0,0
NoControl,MPC,10,10,55,20,179,369,3,18.666666666666668,1,0,0
NoControl,MPC,10,10,55,20,20,11,2,25.0,0,0,1
NoControl,MPC,10,10,55,20,403,365,1,51.0,1,0,0
NoControl,MPC,10,10,55,20,146,396,4,30.4,0,0,1
NoControl,MPC,10,10,55,20,71,331,6,19.4,0,0,1
NoControl,MPC,10,10,55,20,117,353,3,15.333333333333334,1,0,0
NoControl,MPC,10,10,55,20,111,406,3,24.5,0,1,0
NoControl,MPC,10,10,55,20,237,367,4,9.666666666666666,1,0,0
NoControl,MPC,10,10,55,20,180,513,9,18.83333333333333,1,0,0
NoControl,MPC,10,10,55,20,113,228,3,21.53333333333333,0,1,0
NoControl,MPC,10,10,55,20,192,179,3,9.0,0,0,1
NoControl,Primitive,15,0,55,20,713,390,7,27.25,1,0,0
NoControl,Primitive,15,0,55,20,10,17,0,31.75,0,0,1
NoControl,Primitive,15,0,55,20,140,312,5,20.25,0,0,1
NoControl,Primitive,15,0,55,20,133,497,13,16.333333333333332,0,0,1
NoControl,Primitive,15,0,55,20,243,815,12,21.142857142857142,1,0,0
NoControl,Primitive,15,0,55,20,148,410,8,22.0,1,0,0
NoControl,Primitive,15,0,55,20,52,65,4,23.1,0,0,1
NoControl,Primitive,15,0,55,20,39,140,5,11.0,0,0,1
NoControl,Primitive,15,0,55,20,55,209,4,17.333333333333332,0,0,1
NoControl,Primitive,15,0,55,20,192,397,7,16.2,1,0,0
NoControl,Primitive,15,0,55,20,332,396,5,15.4,1,0,0
NoControl,Primitive,15,0,55,20,955,905,16,24.15,1,0,0
NoControl,Primitive,15,0,55,20,197,412,6,20.666666666666668,1,0,0
NoControl,Primitive,15,0,55,20,88,197,1,13.0,0,0,1
NoControl,Primitive,15,0,55,20,245,154,2,20.0,0,0,1
NoControl,Primitive,15,0,55,20,90,263,2,9.0,0,0,1
NoControl,Primitive,15,0,55,20,62,160,5,8.666666666666666,0,0,1
NoControl,Primitive,15,0,55,20,425,304,11,21.625,0,0,1
NoControl,Primitive,15,0,55,20,1107,251,4,7.4,0,0,1
NoControl,Primitive,15,0,55,20,123,384,8,18.142857142857142,0,0,1
NoControl,Primitive,15,0,55,20,225,400,41,28.375,1,0,0
NoControl,Primitive,15,0,55,20,155,427,9,21.714285714285715,1,0,0
NoControl,Primitive,15,0,55,20,33,2,7,18.5,0,0,1
NoControl,Primitive,15,0,55,20,368,410,6,29.33333333333333,0,0,1
NoControl,Primitive,15,0,55,20,159,397,6,27.0,1,0,0
NoControl,Primitive,15,0,55,20,937,267,2,11.5,0,0,1
NoControl,Primitive,15,0,55,20,265,412,7,18.75,1,0,0
NoControl,Primitive,15,0,55,20,157,234,6,31.666666666666668,0,0,1
NoControl,Primitive,15,0,55,20,121,186,4,18.33333333333333,0,0,1
NoControl,Primitive,15,0,55,20,325,297,3,20.5,0,0,1
NoControl,Primitive,15,0,55,20,343,281,1,13.0,0,0,1
NoControl,Primitive,15,0,55,20,110,361,10,29.571428571428573,0,0,1
NoControl,Primitive,15,0,55,20,206,210,3,13.0,0,0,1
NoControl,Primitive,15,0,55,20,172,408,7,21.75,1,0,0
NoControl,Primitive,15,0,55,20,36,54,2,28.666666666666668,0,0,1
NoControl,Primitive,15,0,55,20,164,398,13,29.5,1,0,0
NoControl,Primitive,15,0,55,20,485,404,10,27.0,1,0,0
NoControl,Primitive,15,0,55,20,313,395,11,21.0,1,0,0
NoControl,Jerk_Primitive,15,0,55,20,65,161,3,9.0,0,0,1
NoControl,Jerk_Primitive,15,0,55,20,337,612,11,16.272727272727273,0,0,1
NoControl,Jerk_Primitive,15,0,55,20,68,212,4,17.0,0,0,1
NoControl,Jerk_Primitive,15,0,55,20,209,807,10,21.0,1,0,0
NoControl,Jerk_Primitive,15,0,55,20,531,467,5,20.0,0,0,1
NoControl,Jerk_Primitive,15,0,55,20,333,836,14,21.05,1,0,0
NoControl,Jerk_Primitive,15,0,55,20,366,340,2,23.0,1,0,0
NoControl,Jerk_Primitive,15,0,55,20,219,431,16,33.416666666666664,1,0,0
NoControl,Jerk_Primitive,15,0,55,20,47,40,5,28.94117647058824,0,0,1
NoControl,Jerk_Primitive,15,0,55,20,188,794,9,18.75,1,0,0
NoControl,Jerk_Primitive,15,0,55,20,103,345,2,9.0,1,0,0
NoControl,Jerk_Primitive,15,0,55,20,337,834,16,22.77777777777778,1,0,0
NoControl,Jerk_Primitive,15,0,55,20,358,805,13,24.727272727272727,1,0,0
NoControl,Jerk_Primitive,15,0,55,20,264,345,3,20.5,1,0,0
NoControl,Jerk_Primitive,15,0,55,20,310,355,7,20.4,1,0,0
NoControl,Jerk_Primitive,15,0,55,20,217,199,7,19.75,0,0,1
NoControl,Jerk_Primitive,15,0,55,20,125,370,8,20.0,1,0,0
NoControl,Jerk_Primitive,15,0,55,20,194,344,3,21.0,1,0,0
NoControl,Jerk_Primitive,15,0,55,20,201,342,4,18.666666666666668,1,0,0
NoControl,Jerk_Primitive,15,0,55,20,204,249,6,14.0,0,0,1
NoControl,Jerk_Primitive,15,0,55,20,195,805,12,15.842105263157896,1,0,0
NoControl,Jerk_Primitive,15,0,55,20,255,158,2,16.0,0,0,1
NoControl,Jerk_Primitive,15,0,55,20,212,0,1,1.0,0,0,1
NoControl,Jerk_Primitive,15,0,55,20,51,221,4,14.333333333333334,0,0,1
NoControl,Jerk_Primitive,15,0,55,20,117,345,0,0.0,1,0,0
NoControl,Jerk_Primitive,15,0,55,20,149,175,2,21.0,0,0,1
NoControl,Jerk_Primitive,15,0,55,20,49,163,3,14.0,0,0,1
NoControl,Jerk_Primitive,15,0,55,20,149,345,4,23.33333333333333,1,0,0
NoControl,Jerk_Primitive,15,0,55,20,423,387,13,23.166666666666668,1,0,0
NoControl,Jerk_Primitive,15,0,55,20,345,826,9,20.4,1,0,0
NoControl,Jerk_Primitive,15,0,55,20,233,816,16,26.846153846153847,1,0,0
NoControl,Jerk_Primitive,15,0,55,20,322,93,3,3.0,0,0,1
NoControl,Jerk_Primitive,15,0,55,20,204,282,6,14.333333333333334,0,0,1
NoControl,Jerk_Primitive,15,0,55,20,225,345,8,18.166666666666668,0,0,1
NoControl,Jerk_Primitive,15,0,55,20,623,177,6,11.75,0,0,1
NoControl,Jerk_Primitive,15,0,55,20,6,0,1,1.0,0,0,1
NoControl,Jerk_Primitive,15,0,55,20,225,359,4,18.33333333333333,1,0,0
NoControl,Jerk_Primitive,15,0,55,20,586,807,14,19.0,1,0,0
NoControl,Jerk_Primitive,15,0,55,20,128,186,8,21.14814814814815,0,0,1
NoControl,Jerk_Primitive,15,0,55,20,117,386,6,18.5,1,0,0
NoControl,Jerk_Primitive,15,0,55,20,371,340,6,20.5,1,0,0
NoControl,Jerk_Primitive,15,0,55,20,88,201,5,20.0,0,0,1
NoControl,Jerk_Primitive,15,0,55,20,241,291,5,15.5,0,0,1
NoControl,MPC,15,0,55,20,65,148,3,6.0,0,0,1
NoControl,MPC,15,0,55,20,108,366,4,10.333333333333334,1,0,0
NoControl,MPC,15,0,55,20,225,381,7,21.33333333333333,0,0,1
NoControl,MPC,15,0,55,20,151,176,4,10.333333333333334,0,0,1
NoControl,MPC,15,0,55,20,22,159,2,13.5,0,0,1
NoControl,MPC,15,0,55,20,7,120,1,6.0,0,0,1
NoControl,MPC,15,0,55,20,169,134,1,11.0,0,0,1
NoControl,MPC,15,0,55,20,247,364,2,20.5,1,0,0
NoControl,MPC,15,0,55,20,3,1,0,21.5,0,0,1
NoControl,MPC,15,0,55,20,313,359,4,19.0,1,0,0
NoControl,MPC,15,0,55,20,346,364,3,6.25,1,0,0
NoControl,MPC,15,0,55,20,49,172,2,17.5,0,0,1
NoControl,MPC,15,0,55,20,148,604,8,22.5,0,0,1
NoControl,MPC,15,0,55,20,92,274,2,8.0,0,0,1
NoControl,MPC,15,0,55,20,85,381,7,14.0,0,0,1
NoControl,MPC,15,0,55,20,126,365,4,16.0,0,0,1
NoControl,MPC,15,0,55,20,117,159,12,9.666666666666666,0,0,1
NoControl,MPC,15,0,55,20,192,373,5,20.0,0,0,1
NoControl,MPC,15,0,55,20,244,354,4,30.666666666666668,1,0,0
NoControl,MPC,15,0,55,20,184,137,3,9.666666666666666,0,0,1
NoControl,MPC,15,0,55,20,142,187,5,21.0,0,0,1
NoControl,MPC,15,0,55,20,372,312,4,27.0,0,0,1
NoControl,MPC,15,0,55,20,108,365,7,17.125,1,0,0
NoControl,MPC,15,0,55,20,365,356,5,8.5,0,0,1
NoControl,MPC,15,0,55,20,106,352,10,16.833333333333332,0,0,1
NoControl,MPC,15,0,55,20,121,179,2,7.5,0,0,1
NoControl,MPC,15,0,55,20,244,348,8,27.0,1,0,0
NoControl,MPC,15,0,55,20,75,195,3,25.125,0,0,1
NoControl,MPC,15,0,55,20,174,347,1,14.0,0,0,1
NoControl,MPC,15,0,55,20,51,264,4,19.25,0,0,1
NoControl,MPC,15,0,55,20,10,129,3,8.333333333333334,0,0,1
NoControl,MPC,15,0,55,20,72,308,4,28.33333333333333,0,0,1
NoControl,MPC,15,0,55,20,180,206,4,18.33333333333333,0,0,1
NoControl,MPC,15,0,55,20,247,376,5,37.5,1,0,0
NoControl,MPC,15,0,55,20,218,159,3,8.0,0,0,1
NoControl,MPC,15,0,55,20,225,99,1,3.0,0,0,1
NoControl,MPC,15,0,55,20,74,233,5,16.8,0,0,1
NoControl,MPC,15,0,55,20,354,194,11,16.4,0,0,1
NoControl,MPC,15,0,55,20,190,235,8,11.0,0,0,1
NoControl,MPC,15,0,55,20,272,366,6,25.75,1,0,0
NoControl,MPC,15,0,55,20,41,14,3,27.83333333333333,0,0,1
NoControl,MPC,15,0,55,20,211,806,10,26.2,1,0,0
NoControl,MPC,15,0,55,20,27,9,2,25.666666666666668,0,0,1
NoControl,MPC,15,0,55,20,26,157,5,13.333333333333334,0,0,1
NoControl,MPC,15,0,55,20,108,366,7,24.25,1,0,0
NoControl,MPC,15,0,55,20,10,7,2,21.666666666666668,0,0,1
NoControl,MPC,15,0,55,20,58,245,2,13.0,0,0,1
NoControl,MPC,15,0,55,20,189,737,11,19.75,0,0,1
NoControl,MPC,15,0,55,20,316,364,5,34.0,1,0,0
NoControl,MPC,15,0,55,20,117,359,7,25.0,0,0,1
NoControl,MPC,15,0,55,20,142,127,3,12.333333333333334,0,0,1
NoControl,MPC,15,0,55,20,147,140,4,16.666666666666668,0,0,1
NoControl,MPC,15,0,55,20,153,517,6,9.11111111111111,0,0,1
NoControl,MPC,15,0,55,20,71,261,1,13.0,0,0,1
NoControl,MPC,15,0,55,20,108,364,8,35.75,1,0,0
NoControl,MPC,15,0,55,20,245,804,12,20.8,1,0,0
NoControl,MPC,15,0,55,20,82,149,5,8.666666666666666,0,0,1
NoControl,MPC,15,0,55,20,113,369,11,17.666666666666668,1,0,0
NoControl,MPC,15,0,55,20,117,233,3,16.666666666666668,0,0,1
NoControl,MPC,15,0,55,20,25,172,10,14.5,0,0,1
NoControl,MPC,15,0,55,20,132,536,9,20.33333333333333,0,0,1
NoControl,MPC,15,0,55,20,31,189,6,10.875,0,0,1
NoControl,MPC,15,0,55,20,197,364,6,16.333333333333332,1,0,0
NoControl,MPC,15,0,55,20,62,151,6,20.0,0,0,1
NoControl,MPC,15,0,55,20,50,95,2,3.0,0,0,1
NoControl,MPC,15,0,55,20,24,151,1,15.0,0,0,1
NoControl,MPC,15,0,55,20,110,360,6,21.6,1,0,0
NoControl,MPC,15,0,55,20,30,14,2,21.33333333333333,0,0,1
NoControl,MPC,15,0,55,20,420,227,3,17.5,0,0,1
NoControl,MPC,15,0,55,20,42,173,2,13.0,0,0,1
NoControl,Primitive,15,5,55,20,111,120,1,9.0,0,0,1
NoControl,Primitive,15,5,55,20,494,474,3,16.0,0,0,1
NoControl,Primitive,15,5,55,20,75,287,3,10.333333333333334,0,0,1
NoControl,Primitive,15,5,55,20,568,272,5,18.5,0,0,1
NoControl,Primitive,15,5,55,20,540,412,5,21.75,1,0,0
NoControl,Primitive,15,5,55,20,159,135,3,15.0,0,0,1
NoControl,Primitive,15,5,55,20,476,795,14,14.428571428571429,0,0,1
NoControl,Primitive,15,5,55,20,2,86,2,1.0,0,0,1
NoControl,Primitive,15,5,55,20,1233,793,17,24.05263157894737,0,0,1
NoControl,Primitive,15,5,55,20,46,223,7,14.5,0,0,1
NoControl,Primitive,15,5,55,20,109,223,4,18.5,0,0,1
NoControl,Primitive,15,5,55,20,57,158,2,18.0,0,0,1
NoControl,Primitive,15,5,55,20,184,400,10,29.571428571428573,1,0,0
NoControl,Primitive,15,5,55,20,120,398,9,15.444444444444445,0,0,1
NoControl,Primitive,15,5,55,20,316,188,3,22.0,0,0,1
NoControl,Primitive,15,5,55,20,415,807,13,23.307692307692307,1,0,0
NoControl,Primitive,15,5,55,20,444,395,5,28.0,1,0,0
NoControl,Primitive,15,5,55,20,142,398,7,20.0,1,0,0
NoControl,Primitive,15,5,55,20,32,53,5,19.2,0,0,1
NoControl,Primitive,15,5,55,20,126,70,1,1.0,0,0,1
NoControl,Primitive,15,5,55,20,140,397,6,21.0,1,0,0
NoControl,Primitive,15,5,55,20,200,407,6,19.25,1,0,0
NoControl,Primitive,15,5,55,20,255,275,9,25.63636363636364,1,0,0
NoControl,Primitive,15,5,55,20,126,144,3,7.0,0,0,1
NoControl,Primitive,15,5,55,20,221,716,10,24.181818181818183,0,0,1
NoControl,Primitive,15,5,55,20,2,88,1,1.0,0,0,1
NoControl,Primitive,15,5,55,20,83,280,7,7.375,0,0,1
NoControl,Primitive,15,5,55,20,761,339,9,24.166666666666668,0,0,1
NoControl,Primitive,15,5,55,20,219,362,25,17.46153846153846,0,0,1
NoControl,Primitive,15,5,55,20,44,91,1,2.0,0,0,1
NoControl,Primitive,15,5,55,20,62,237,3,12.0,0,0,1
NoControl,Primitive,15,5,55,20,356,145,2,19.0,0,0,1
NoControl,Primitive,15,5,55,20,22,138,7,13.4,0,0,1
NoControl,Primitive,15,5,55,20,43,203,5,10.0,0,0,1
NoControl,Primitive,15,5,55,20,53,143,4,10.5,0,0,1
NoControl,Primitive,15,5,55,20,132,408,7,23.2,1,0,0
NoControl,Primitive,15,5,55,20,447,278,1,14.0,0,0,1
NoControl,Primitive,15,5,55,20,558,390,6,23.25,1,0,0
NoControl,Primitive,15,5,55,20,252,381,13,16.727272727272727,0,0,1
NoControl,Primitive,15,5,55,20,48,227,5,27.5,0,0,1
NoControl,Primitive,15,5,55,20,132,419,7,24.75,1,0,0
NoControl,Jerk_Primitive,15,5,55,20,115,278,7,11.4,0,0,1
NoControl,Jerk_Primitive,15,5,55,20,228,366,7,14.2,1,0,0
NoControl,Jerk_Primitive,15,5,55,20,317,823,10,20.416666666666668,1,0,0
NoControl,Jerk_Primitive,15,5,55,20,218,612,14,27.181818181818183,1,0,0
NoControl,Jerk_Primitive,15,5,55,20,485,190,4,21.666666666666668,0,0,1
NoControl,Jerk_Primitive,15,5,55,20,189,800,7,24.428571428571427,1,0,0
NoControl,Jerk_Primitive,15,5,55,20,224,353,14,18.25,1,0,0
NoControl,Jerk_Primitive,15,5,55,20,101,194,14,11.5,0,0,1
NoControl,Jerk_Primitive,15,5,55,20,189,800,8,18.9,1,0,0
NoControl,Jerk_Primitive,15,5,55,20,203,0,1,1.0,0,0,1
NoControl,Jerk_Primitive,15,5,55,20,236,346,4,19.5,1,0,0
NoControl,Jerk_Primitive,15,5,55,20,169,345,1,24.0,1,0,0
NoControl,Jerk_Primitive,15,5,55,20,353,371,3,22.0,1,0,0
NoControl,Jerk_Primitive,15,5,55,20,162,480,12,24.266666666666666,1,0,0
NoControl,Jerk_Primitive,15,5,55,20,354,371,10,21.5,1,0,0
NoControl,Jerk_Primitive,15,5,55,20,493,341,4,25.666666666666668,1,0,0
NoControl,Jerk_Primitive,15,5,55,20,575,776,14,25.23076923076923,0,0,1
NoControl,Jerk_Primitive,15,5,55,20,573,155,4,7.0,0,0,1
NoControl,Jerk_Primitive,15,5,55,20,190,63,2,1.0,0,0,1
NoControl,Jerk_Primitive,15,5,55,20,420,345,8,24.75,1,0,0
NoControl,Jerk_Primitive,15,5,55,20,34,137,5,12.333333333333334,0,0,1
NoControl,Jerk_Primitive,15,5,55,20,219,825,10,22.83333333333333,1,0,0
NoControl,Jerk_Primitive,15,5,55,20,343,791,11,20.615384615384617,1,0,0
NoControl,Jerk_Primitive,15,5,55,20,237,345,5,28.666666666666668,1,0,0
NoControl,Jerk_Primitive,15,5,55,20,275,774,13,21.75,1,0,0
NoControl,Jerk_Primitive,15,5,55,20,226,593,14,21.676470588235293,1,0,0
NoControl,Jerk_Primitive,15,5,55,20,259,202,8,22.0,0,0,1
NoControl,Jerk_Primitive,15,5,55,20,171,343,6,21.666666666666668,1,0,0
NoControl,Jerk_Primitive,15,5,55,20,101,87,10,21.1,0,0,1
NoControl,Jerk_Primitive,15,5,55,20,398,817,8,18.90909090909091,1,0,0
NoControl,Jerk_Primitive,15,5,55,20,56,96,1,3.0,0,0,1
NoControl,Jerk_Primitive,15,5,55,20,100,361,4,17.333333333333332,1,0,0
NoControl,Jerk_Primitive,15,5,55,20,167,518,9,24.818181818181817,1,0,0
NoControl,Jerk_Primitive,15,5,55,20,538,189,4,14.5,0,0,1
NoControl,Jerk_Primitive,15,5,55,20,101,222,2,17.0,0,0,1
NoControl,Jerk_Primitive,15,5,55,20,350,0,1,1.0,0,0,1
NoControl,Jerk_Primitive,15,5,55,20,26,159,3,12.0,0,0,1
NoControl,Jerk_Primitive,15,5,55,20,122,345,0,0.0,1,0,0
NoControl,Jerk_Primitive,15,5,55,20,172,553,11,26.22222222222222,1,0,0
NoControl,Jerk_Primitive,15,5,55,20,350,388,9,22.11111111111111,1,0,0
NoControl,MPC,15,5,55,20,100,352,3,9.0,0,0,1
NoControl,MPC,15,5,55,20,52,203,3,24.0,0,0,1
NoControl,MPC,15,5,55,20,67,178,2,21.5,0,0,1
NoControl,MPC,15,5,55,20,116,149,1,12.0,0,0,1
NoControl,MPC,15,5,55,20,56,253,3,15.666666666666666,0,0,1
NoControl,MPC,15,5,55,20,133,146,2,15.5,0,0,1
NoControl,MPC,15,5,55,20,185,392,8,18.83333333333333,0,0,1
NoControl,MPC,15,5,55,20,266,809,9,16.88888888888889,1,0,0
NoControl,MPC,15,5,55,20,27,11,2,16.0,0,0,1
NoControl,MPC,15,5,55,20,107,253,2,7.5,0,0,1
NoControl,MPC,15,5,55,20,54,182,3,11.25,0,0,1
NoControl,MPC,15,5,55,20,19,152,6,9.2,0,0,1
NoControl,MPC,15,5,55,20,7,116,1,6.0,0,0,1
NoControl,MPC,15,5,55,20,110,357,4,19.75,1,0,0
NoControl,MPC,15,5,55,20,114,77,2,19.33333333333333,0,0,1
NoControl,MPC,15,5,55,20,47,242,5,17.8,0,0,1
NoControl,MPC,15,5,55,20,47,234,3,12.0,0,0,1
NoControl,MPC,15,5,55,20,108,366,3,20.33333333333333,1,0,0
NoControl,MPC,15,5,55,20,458,363,5,14.0,1,0,0
NoControl,MPC,15,5,55,20,193,362,3,8.0,1,0,0
NoControl,MPC,15,5,55,20,50,129,2,6.0,0,0,1
NoControl,MPC,15,5,55,20,124,374,4,15.666666666666666,1,0,0
NoControl,MPC,15,5,55,20,87,43,3,24.83333333333333,0,0,1
NoControl,MPC,15,5,55,20,94,290,6,20.25,0,0,1
NoControl,MPC,15,5,55,20,139,363,59,27.2,1,0,1
NoControl,MPC,15,5,55,20,69,234,3,28.0,0,0,1
NoControl,MPC,15,5,55,20,63,252,7,19.25,0,0,1
NoControl,MPC,15,5,55,20,224,809,14,22.23529411764705,1,0,0
NoControl,MPC,15,5,55,20,229,524,10,17.75,0,0,1
NoControl,MPC,15,5,55,20,32,192,1,12.0,0,0,1
NoControl,MPC,15,5,55,20,30,164,4,13.8,0,0,1
NoControl,MPC,15,5,55,20,107,220,6,18.5,0,0,1
NoControl,MPC,15,5,55,20,26,162,2,16.5,0,0,1
NoControl,MPC,15,5,55,20,63,237,5,14.6,0,0,1
NoControl,MPC,15,5,55,20,27,198,2,22.0,0,0,1
NoControl,MPC,15,5,55,20,91,313,5,29.0,0,0,1
NoControl,MPC,15,5,55,20,119,492,5,33.0,0,0,1
NoControl,MPC,15,5,55,20,108,364,13,21.714285714285715,1,0,0
NoControl,MPC,15,5,55,20,43,13,6,26.0,0,0,1
NoControl,MPC,15,5,55,20,113,365,3,39.0,1,0,0
NoControl,MPC,15,5,55,20,110,181,2,10.0,0,0,1
NoControl,MPC,15,5,55,20,74,335,9,16.125,0,0,1
NoControl,MPC,15,5,55,20,183,339,9,21.5,0,0,1
NoControl,MPC,15,5,55,20,127,212,4,23.33333333333333,0,1,0
NoControl,MPC,15,5,55,20,95,400,8,17.2,0,0,1
NoControl,MPC,15,5,55,20,108,366,7,13.714285714285714,1,0,0
NoControl,MPC,15,5,55,20,33,73,3,15.4,0,0,1
NoControl,MPC,15,5,55,20,41,180,3,13.0,0,0,1
NoControl,MPC,15,5,55,20,2,59,1,1.0,0,0,1
NoControl,MPC,15,5,55,20,173,671,7,23.25,0,0,1
NoControl,MPC,15,5,55,20,30,199,3,7.333333333333333,0,0,1
NoControl,MPC,15,5,55,20,28,184,1,12.0,0,0,1
NoControl,MPC,15,5,55,20,43,236,4,13.666666666666666,0,0,1
NoControl,MPC,15,5,55,20,205,338,2,17.5,0,0,1
NoControl,MPC,15,5,55,20,107,422,5,15.0,0,0,1
NoControl,MPC,15,5,55,20,142,188,2,12.0,0,0,1
NoControl,MPC,15,5,55,20,43,180,5,22.0,0,0,1
NoControl,MPC,15,5,55,20,373,370,3,19.33333333333333,1,0,0
NoControl,MPC,15,5,55,20,70,26,6,18.666666666666668,0,0,1
NoControl,MPC,15,5,55,20,112,321,5,20.33333333333333,0,0,1
NoControl,MPC,15,5,55,20,558,409,6,8.333333333333334,0,0,1
NoControl,MPC,15,5,55,20,109,174,4,9.0,0,0,1
NoControl,MPC,15,5,55,20,258,804,4,31.0,1,0,0
NoControl,MPC,15,5,55,20,286,370,4,20.5,1,0,0
NoControl,MPC,15,5,55,20,320,641,12,19.4,0,1,0
NoControl,MPC,15,5,55,20,227,800,11,17.428571428571427,1,0,0
NoControl,MPC,15,5,55,20,136,380,21,16.416666666666668,0,0,1
NoControl,MPC,15,5,55,20,275,804,7,17.625,1,0,0
NoControl,MPC,15,5,55,20,49,184,3,7.0,0,0,1
NoControl,MPC,15,5,55,20,281,794,11,20.5,1,0,0
NoControl,MPC,15,5,55,20,12,13,1,21.444444444444443,0,0,1
NoControl,MPC,15,5,55,20,191,366,4,18.666666666666668,1,0,0
NoControl,MPC,15,5,55,20,265,809,20,22.30434782608696,1,0,0
NoControl,MPC,15,5,55,20,8,14,0,23.217391304347824,0,0,1
NoControl,MPC,15,5,55,20,28,130,2,8.0,0,0,1
NoControl,MPC,15,5,55,20,92,337,4,14.0,0,0,1
NoControl,MPC,15,5,55,20,74,267,5,15.4,0,0,1
NoControl,MPC,15,5,55,20,182,126,4,6.666666666666667,0,0,1
NoControl,MPC,15,5,55,20,187,713,9,21.2,0,0,1
NoControl,MPC,15,5,55,20,47,125,1,11.0,0,0,1
NoControl,MPC,15,5,55,20,55,264,15,18.0,0,0,1
NoControl,Primitive,15,10,55,20,44,207,3,21.0,0,0,1
NoControl,Primitive,15,10,55,20,64,274,3,12.333333333333334,0,0,1
NoControl,Primitive,15,10,55,20,116,332,8,24.5,0,0,1
NoControl,Primitive,15,10,55,20,301,208,13,20.666666666666668,0,0,1
NoControl,Primitive,15,10,55,20,73,299,3,10.666666666666666,0,0,1
NoControl,Primitive,15,10,55,20,38,189,4,7.75,0,0,1
NoControl,Primitive,15,10,55,20,188,263,3,7.25,0,0,1
NoControl,Primitive,15,10,55,20,192,393,6,14.714285714285714,1,0,0
NoControl,Primitive,15,10,55,20,157,155,2,20.0,0,0,1
NoControl,Primitive,15,10,55,20,125,392,3,23.0,1,0,0
NoControl,Primitive,15,10,55,20,42,70,2,25.0,0,0,1
NoControl,Primitive,15,10,55,20,97,268,5,16.6,0,0,1
NoControl,Primitive,15,10,55,20,57,234,2,8.0,0,0,1
NoControl,Primitive,15,10,55,20,45,221,6,11.0,0,0,1
NoControl,Primitive,15,10,55,20,10,66,1,1.0,0,0,1
NoControl,Primitive,15,10,55,20,536,391,6,12.555555555555555,1,0,0
NoControl,Primitive,15,10,55,20,234,110,2,3.5,0,0,1
NoControl,Primitive,15,10,55,20,80,243,4,21.0,0,0,1
NoControl,Primitive,15,10,55,20,335,361,10,25.75,0,0,1
NoControl,Primitive,15,10,55,20,333,412,7,25.5,1,0,0
NoControl,Primitive,15,10,55,20,45,12,3,20.666666666666668,0,0,1
NoControl,Primitive,15,10,55,20,528,358,4,32.666666666666664,0,0,1
NoControl,Primitive,15,10,55,20,82,199,4,11.75,0,0,1
NoControl,Primitive,15,10,55,20,357,401,12,21.666666666666668,1,0,0
NoControl,Primitive,15,10,55,20,295,394,1,12.0,1,0,0
NoControl,Primitive,15,10,55,20,42,150,2,13.5,0,0,1
NoControl,Primitive,15,10,55,20,144,413,9,34.4,1,0,0
NoControl,Primitive,15,10,55,20,188,85,11,27.692307692307693,0,0,1
NoControl,Primitive,15,10,55,20,22,154,3,18.5,0,0,1
NoControl,Primitive,15,10,55,20,869,410,5,11.571428571428571,1,0,0
NoControl,Primitive,15,10,55,20,26,101,1,4.0,0,0,1
NoControl,Primitive,15,10,55,20,45,211,3,9.666666666666666,0,0,1
NoControl,Primitive,15,10,55,20,367,388,15,22.09090909090909,0,0,1
NoControl,Primitive,15,10,55,20,149,413,5,28.0,1,0,0
NoControl,Primitive,15,10,55,20,552,226,4,7.666666666666667,0,0,1
NoControl,Primitive,15,10,55,20,134,396,11,23.33333333333333,1,0,0
NoControl,Primitive,15,10,55,20,542,185,3,21.5,0,0,1
NoControl,Primitive,15,10,55,20,235,804,15,23.571428571428573,1,0,0
NoControl,Primitive,15,10,55,20,292,190,3,18.0,0,0,1
NoControl,Primitive,15,10,55,20,397,602,8,27.33333333333333,0,0,1
NoControl,Primitive,15,10,55,20,464,184,7,17.25,0,0,1
NoControl,Primitive,15,10,55,20,28,156,5,9.4,0,0,1
NoControl,Primitive,15,10,55,20,301,836,19,20.6,1,0,0
NoControl,Primitive,15,10,55,20,261,454,6,21.2,1,0,0
NoControl,Primitive,15,10,55,20,229,687,11,28.5,0,0,1
NoControl,Primitive,15,10,55,20,11,116,3,8.0,0,0,1
NoControl,Primitive,15,10,55,20,247,808,9,20.77777777777778,1,0,0
NoControl,Jerk_Primitive,15,10,55,20,191,346,3,48.5,1,0,0
NoControl,Jerk_Primitive,15,10,55,20,73,92,3,2.0,0,0,1
NoControl,Jerk_Primitive,15,10,55,20,145,188,6,14.0,0,0,1
NoControl,Jerk_Primitive,15,10,55,20,228,830,13,23.857142857142858,1,0,0
NoControl,Jerk_Primitive,15,10,55,20,541,453,7,9.4,0,0,1
NoControl,Jerk_Primitive,15,10,55,20,459,344,7,17.2,1,0,0
NoControl,Jerk_Primitive,15,10,55,20,203,351,16,21.785714285714285,1,0,0
NoControl,Jerk_Primitive,15,10,55,20,174,95,3,3.0,0,0,1
NoControl,Jerk_Primitive,15,10,55,20,447,362,14,29.0,1,0,0
NoControl,Jerk_Primitive,15,10,55,20,47,0,1,1.0,0,0,1
NoControl,Jerk_Primitive,15,10,55,20,99,347,4,26.5,1,0,0
NoControl,Jerk_Primitive,15,10,55,20,159,216,3,13.0,0,0,1
NoControl,Jerk_Primitive,15,10,55,20,84,257,5,16.333333333333332,0,0,1
NoControl,Jerk_Primitive,15,10,55,20,106,338,35,20.55555555555556,0,0,1
NoControl,Jerk_Primitive,15,10,55,20,208,800,8,23.33333333333333,1,0,0
NoControl,Jerk_Primitive,15,10,55,20,76,89,5,26.5,0,0,1
NoControl,Jerk_Primitive,15,10,55,20,121,377,8,21.6,1,0,0
NoControl,Jerk_Primitive,15,10,55,20,77,40,4,16.25,0,0,1
NoControl,Jerk_Primitive,15,10,55,20,351,344,3,30.5,1,0,0
NoControl,Jerk_Primitive,15,10,55,20,288,788,11,28.923076923076923,1,0,0
NoControl,Jerk_Primitive,15,10,55,20,151,333,5,21.0,0,0,1
NoControl,Jerk_Primitive,15,10,55,20,99,345,4,15.5,1,0,0
NoControl,Jerk_Primitive,15,10,55,20,173,187,4,12.0,0,0,1
NoControl,Jerk_Primitive,15,10,55,20,211,332,8,19.0,0,0,1
NoControl,Jerk_Primitive,15,10,55,20,18,162,6,10.0,0,0,1
NoControl,Jerk_Primitive,15,10,55,20,281,805,14,26.6,1,0,0
NoControl,Jerk_Primitive,15,10,55,20,510,823,5,28.0,1,0,0
NoControl,Jerk_Primitive,15,10,55,20,249,811,14,23.846153846153847,1,0,0
NoControl,Jerk_Primitive,15,10,55,20,228,192,3,19.0,0,0,1
NoControl,Jerk_Primitive,15,10,55,20,113,379,6,29.33333333333333,1,0,0
NoControl,Jerk_Primitive,15,10,55,20,213,345,6,14.833333333333334,1,0,0
NoControl,Jerk_Primitive,15,10,55,20,336,345,8,17.333333333333332,1,0,0
NoControl,Jerk_Primitive,15,10,55,20,273,844,15,28.73333333333333,1,0,0
NoControl,Jerk_Primitive,15,10,55,20,87,105,8,24.95652173913044,0,0,1
NoControl,Jerk_Primitive,15,10,55,20,645,810,13,24.58333333333333,1,0,0
NoControl,Jerk_Primitive,15,10,55,20,73,217,6,14.0,0,0,1
NoControl,Jerk_Primitive,15,10,55,20,364,336,4,22.666666666666668,1,0,0
NoControl,Jerk_Primitive,15,10,55,20,271,345,2,20.0,1,0,0
NoControl,Jerk_Primitive,15,10,55,20,434,349,16,26.33333333333333,1,0,0
NoControl,Jerk_Primitive,15,10,55,20,235,330,4,18.0,1,0,0
NoControl,Jerk_Primitive,15,10,55,20,175,511,9,20.928571428571427,1,0,0
NoControl,Jerk_Primitive,15,10,55,20,253,717,20,19.823529411764707,1,0,0
NoControl,Jerk_Primitive,15,10,55,20,148,257,8,15.285714285714286,0,0,1
NoControl,Jerk_Primitive,15,10,55,20,235,864,15,24.818181818181817,1,0,0
NoControl,MPC,15,10,55,20,136,544,9,36.0,0,0,1
NoControl,MPC,15,10,55,20,32,160,3,6.333333333333333,0,0,1
NoControl,MPC,15,10,55,20,45,232,7,13.285714285714286,0,1,0
NoControl,MPC,15,10,55,20,51,223,4,22.666666666666668,0,0,1
NoControl,MPC,15,10,55,20,90,320,3,8.0,0,0,1
NoControl,MPC,15,10,55,20,179,618,5,10.714285714285714,0,0,1
NoControl,MPC,15,10,55,20,130,362,27,27.33333333333333,1,0,0
NoControl,MPC,15,10,55,20,164,124,1,8.0,0,0,1
NoControl,MPC,15,10,55,20,115,484,6,17.5,0,0,1
NoControl,MPC,15,10,55,20,44,212,3,12.0,0,0,1
NoControl,MPC,15,10,55,20,51,273,2,37.0,0,0,1
NoControl,MPC,15,10,55,20,29,198,3,22.0,0,0,1
NoControl,MPC,15,10,55,20,75,259,4,28.33333333333333,0,0,1
NoControl,MPC,15,10,55,20,217,356,2,12.666666666666666,1,0,0
NoControl,MPC,15,10,55,20,35,35,3,16.166666666666668,0,0,1
NoControl,MPC,15,10,55,20,12,134,3,4.333333333333333,0,0,1
NoControl,MPC,15,10,55,20,108,355,6,13.0,1,0,0
NoControl,MPC,15,10,55,20,117,433,6,22.2,0,0,1
NoControl,MPC,15,10,55,20,185,63,1,1.0,0,0,1
NoControl,MPC,15,10,55,20,47,220,7,16.8,0,0,1
NoControl,MPC,15,10,55,20,52,223,4,7.5,0,0,1
NoControl,MPC,15,10,55,20,69,223,3,23.0,0,0,1
NoControl,MPC,15,10,55,20,77,274,1,13.0,0,0,1
NoControl,MPC,15,10,55,20,74,322,5,16.2,0,0,1
NoControl,MPC,15,10,55,20,116,363,5,14.333333333333334,1,0,0
NoControl,MPC,15,10,55,20,173,488,12,19.72222222222222,1,0,0
NoControl,MPC,15,10,55,20,140,371,11,27.0,1,0,0
NoControl,MPC,15,10,55,20,186,524,9,26.294117647058822,0,0,1
NoControl,MPC,15,10,55,20,399,809,16,26.285714285714285,1,0,0
NoControl,MPC,15,10,55,20,17,3,2,26.8,0,0,1
NoControl,MPC,15,10,55,20,101,429,9,24.625,0,0,1
NoControl,MPC,15,10,55,20,226,692,16,14.238095238095235,0,0,1
NoControl,MPC,15,10,55,20,8,112,1,7.0,0,0,1
NoControl,MPC,15,10,55,20,15,141,1,14.0,0,0,1
NoControl,MPC,15,10,55,20,61,262,7,12.125,0,0,1
NoControl,MPC,15,10,55,20,201,367,6,23.2,1,0,0
NoControl,MPC,15,10,55,20,214,162,1,17.0,0,0,1
NoControl,MPC,15,10,55,20,108,365,5,21.75,1,0,0
NoControl,MPC,15,10,55,20,74,24,8,25.0,0,0,1
NoControl,MPC,15,10,55,20,64,312,2,7.5,0,0,1
NoControl,MPC,15,10,55,20,109,370,5,29.75,1,0,0
NoControl,MPC,15,10,55,20,123,312,6,10.6,0,0,1
NoControl,MPC,15,10,55,20,20,136,1,14.0,0,0,1
NoControl,MPC,15,10,55,20,102,289,4,15.0,0,0,1
NoControl,MPC,15,10,55,20,108,362,3,40.333333333333336,1,0,0
NoControl,MPC,15,10,55,20,11,111,1,9.0,0,0,1
NoControl,MPC,15,10,55,20,57,189,1,15.0,0,0,1
NoControl,MPC,15,10,55,20,21,178,5,16.5,0,0,1
NoControl,MPC,15,10,55,20,39,224,7,15.857142857142858,0,0,1
NoControl,MPC,15,10,55,20,187,188,3,11.333333333333334,0,0,1
NoControl,MPC,15,10,55,20,462,364,6,15.0,1,0,0
NoControl,MPC,15,10,55,20,97,202,21,23.53333333333333,0,0,1
NoControl,MPC,15,10,55,20,18,148,4,8.5,0,0,1
NoControl,MPC,15,10,55,20,44,191,3,24.5,0,0,1
NoControl,MPC,15,10,55,20,14,132,3,7.333333333333333,0,0,1
NoControl,MPC,15,10,55,20,122,350,10,20.666666666666668,1,0,0
NoControl,MPC,15,10,55,20,177,527,7,19.375,1,0,0
NoControl,MPC,15,10,55,20,208,495,5,15.0,0,0,1
NoControl,MPC,15,10,55,20,92,364,6,23.6,0,0,1
NoControl,MPC,15,10,55,20,131,542,7,30.0,0,0,1
NoControl,MPC,15,10,55,20,108,358,0,0.0,1,0,0
NoControl,MPC,15,10,55,20,30,12,3,20.5,0,0,1
NoControl,MPC,15,10,55,20,31,162,1,11.0,0,0,1
NoControl,MPC,15,10,55,20,540,787,12,27.923076923076923,0,0,1
NoControl,MPC,15,10,55,20,108,365,6,16.4,1,0,0
NoControl,MPC,15,10,55,20,216,346,15,22.928571428571427,1,0,0
NoControl,MPC,15,10,55,20,51,62,3,24.294117647058822,0,0,1
NoControl,MPC,15,10,55,20,108,365,4,15.0,1,0,0
NoControl,MPC,15,10,55,20,182,309,6,11.5,0,0,1
NoControl,MPC,15,10,55,20,110,373,7,14.333333333333334,1,0,0
NoControl,MPC,15,10,55,20,62,13,2,19.0,0,0,1
NoControl,MPC,15,10,55,20,113,350,7,18.714285714285715,1,0,0
NoControl,MPC,15,10,55,20,31,48,7,19.88888888888889,0,0,1
NoControl,MPC,15,10,55,20,92,222,1,13.0,0,0,1
NoControl,MPC,15,10,55,20,26,195,3,15.0,0,0,1
NoControl,MPC,15,10,55,20,141,343,5,15.0,0,0,1
NoControl,MPC,15,10,55,20,191,352,8,13.428571428571429,0,0,1
NoControl,MPC,15,10,55,20,155,599,7,20.77777777777778,0,0,1
NoControl,MPC,15,10,55,20,72,253,6,25.5,0,0,1
NoControl,MPC,15,10,55,20,110,456,8,7.125,0,0,1
NoControl,MPC,15,10,55,20,240,304,2,14.5,0,0,1
NoControl,MPC,15,10,55,20,179,333,7,16.0,0,0,1
NoControl,MPC,15,10,55,20,108,366,2,13.5,1,0,0
NoControl,MPC,15,10,55,20,176,508,8,25.5,1,0,0
NoControl,MPC,15,10,55,20,247,361,5,22.0,0,0,1
NoControl,MPC,15,10,55,20,108,363,8,10.166666666666666,1,0,0
NoControl,MPC,15,10,55,20,158,295,10,27.8,0,0,1
